,January 12 - Little Charmers
,January 17 - Bella and the Bulldogs
,February 7 - Power Rangers Dino Charge
,March 29 - Harvey Beaks
,April 9 - Make It Pop
,September 30 - Code Black
,January 1 - Every Witch Way
,January 7 - Killer Women
,January 8 - Intelligence
,January 10 - Helix
,January 20 - Sheriff Callie's Wild West
,February 3 - Wallykazam!
,February 17 - Breadwinners
,March 19 -The 100
,April 5 - Zack & Quack
,January 11 - Sofia the First
,January 20 - Chasing The Saturdays
,January 30 - The Americans (2013)
,March 29 - Lalaloopsy
,April 15 - Henry Hugglemonster
,May 25 - Sanjay and Craig
,"June 8 - Disrupt with Karen Finney, Sam & Cat"
,June 23 - Devious Maids
,June 24 - Under the Dome
,July 10 - 101 Ways to Leave a Game Show
,July 28 - Total Divas
,August 3 - Rabbids Invasion
,September 2 - Uncle Grandpa
,September 9 - OK!TV
,September 9 - The Test
,September 13 - Wander Over Yonder
,September 15 - Liv and Maddie
,September 17 - Brooklyn Nine Nine
,September 16 - The Arsenio Hall Show
,September 23 - The Blacklist
,September 23 - The Queen Latifah Show
,September 23 - Mom
,September 23 - Hostages
,September 24 - The Wrong Mans
,September 24 - Marvel's Agents of S.H.I.E.L.D.
,September 24 - The Goldbergs
,September 24 - Trophy Wife
,September 26 - The Crazy Ones
,September 26 - The Michael J. Fox Show
,September 27 - MasterChef Junior
,September 29 - Julius Jr.
,October 2 - Super Fun Night
,October 3 - The Millers
,October 3 - Sean Saves the World
,October 3 - Welcome to the Family
,October 7 - Peg + Cat
,October 9 - The Tomorrow People
,October 10 - Once Upon a Time in Wonderland
,October 17 - Reign
,October 25 - Dracula
,October 28 - The Pete Holmes Show
,December 2 - Rick and Morty
,December 4 - Kirstie
,December 4 - Mob City
,January 8 - House of Lies
,"January 8 - The Firm - July 14, 2012"
,January 10 - Shipping Wars
,"January 11 - Are You There, Chelsea? - March 28, 2012"
,"January 12 - The Finder - May 11, 2012"
,"January 12 - ¡Rob! - March 1, 2012"
,"January 15 - Napoleon Dynamite - March 4, 2012"
,"January 16 - Alcatraz - March 26, 2012"
,"January 19 - Unsupervised - December 20, 2012"
,January 25 - Touch
,"February 4 - How to Rock - December 8, 2012"
,February 6 - Smash
,"February 7 - The River - March 20, 2012"
,"March 1 - Awake - May 24, 2012"
,"March 15 - Missing - May 17, 2012"
,March 21 - Duck Dynasty
,March 23 - Doc McStuffins
,"April 4 - Best Friends Forever - June 1, 2012"
,April 19 - Kathy
,April 22 - Veep
,"May 11 - Common Law - August 10, 2012"
,August 4 - Robot and Monster
,August 8 - Here Comes Honey Boo Boo
,August 13 - Major Crimes
,September 3 - Steve Harvey
,September 3 - Daniel Tiger's Neighborhood
,"September 10 - The Ricki Lake Show July 19, 2013"
,September 10 - Katie
,"September 17 - Revolution May 21, 2014"
,September 25 - The Mindy Project
,September 25 - Ben and Kate
,September 26 - The Neighbors
,September 27 - Elementary
,September 30 - 666 Park Avenue
,October 10 - Chicago Fire
,October 10 - Nashville
,January 1 - Dan Vs.
,January 1 - House of Anubis
,January 4 - Live to Dance
,January 7 - Young Justice
,January 7 - Your OWN Show: Oprah's Search for the Next TV Star
,January 9 - Bob's Burgers
,January 9 - The Cape
,January 9 - Episodes
,January 9 - Shameless
,January 11 - Let's Stay Together
,January 11 - Lights Out
,January 11 - Onion SportsDome
,January 12 - Off the Map
,January 13 - Police Women of Cincinnati
,January 17 - Aircrash Confidential
,January 17 - Being Human
,January 17 - Harry's Law
,January 17 - Heavy
,January 17 - Skins
,January 17 - Supah Ninjas
,January 19 - Restaurant: Impossible
,January 19 - Retired at 35
,January 20 - Fairly Legal
,January 20 - Perfect Couples
,January 23 - Kourtney and Kim Take New York
,January 23 - Mongo Wrestling Alliance
,January 24 - Bubble Guppies
,January 26 - Face Off
,January 28 - Working Class
,February 2 - Eagleheart
,February 7 - The Chicago Code
,February 8 - Only in America with Larry the Cable Guy
,February 8 - Traffic Light
,February 9 - Mr. Sunshine
,February 12 - Must Love Cats
,February 14 - Jake and the Never Land Pirates
,February 14 - Mad Love
,February 15 - Our America with Lisa Ling
,February 16 - Criminal Minds: Suspect Behavior
,February 22 - The Real Housewives of Miami
,February 23 - Shedding for the Wedding
,February 25 - Camelot
,
,March 6 - After Lately
,March 6 - America's Next Great Restaurant
,March 6 - Breakout Kings
,March 6 - Taking on Tyson
,March 14 - Love & Hip Hop
,March 29 - Body of Proof
,
,April 1 - CHAOS
,April 3 - The Borgias
,April 3 - The Killing
,April 4 - The Problem Solverz
,April 6 - Breaking In
,April 6 - Workaholics
,April 7 - Gigolos
,April 10 - Khloé & Lamar
,April 11 - Drew Carey's Improv-A-Ganza
,April 12 - Sports Show with Norm Macdonald
,April 13 - Happy Endings
,April 14 - The Paul Reiser Show
,April 17 - Audrina
,April 17 - Game of Thrones
,April 26 - Repo Games
,
,May 3 - The Looney Tunes Show
,May 6 - A.N.T. Farm
,May 9 - The Amazing World of Gumball
,May 13 - Femme Fatales
,May 24 - Soul Quest Overdrive
,May 30 - Platinum Hit
,May 30 - Single Ladies
,
,June 1 - Franklin & Bash
,June 2 - Love Bites
,June 5 - Teen Wolf
,June 6 - Switched at Birth
,June 12 - The Glee Project
,June 12 - The Protector
,June 13 - Kickin' It
,June 13 - Sidekick
,June 13 - Almost Naked Animals
,June 14 - Jon Benjamin Has a Van
,June 14 - The Nine Lives of Chloe King
,June 15 - Happily Divorced
,June 16 - Voltron Force
,June 19 - Falling Skies
,June 21 - Combat Hospital
,June 23 - Expedition Impossible
,June 23 - Suits
,June 23 - Wilfred
,June 25 - Friends with Benefits
,June 28 - I Kid with Brad Garrett
,June 29 - Love in the Wild
,June 29 - Necessary Roughness
,June 29 - State of Georgia
,
,July 1 - Bucket & Skinner's Epic Adventures
,July 11 - Alphas
,July 13 - Roseanne's Nuts
,July 15 - PrankStars
,July 17 - Big Rich Texas
,July 18 - Secret Mountain Fort Awesome
,July 19 - Awkward.
,July 19 - It's Worth What?
,July 19 - Web Therapy
,July 21 - National Terrorism Strike Force: San Diego: Sport Utility Vehicle
,July 23 - Pocoyo
,July 31 - Against the Wall
,
,August 2 - Take the Money and Run
,August 5 - Friends with Benefits
,August 7 - Hillbilly Handfishin'
,August 8 - Tia & Tamera
,August 9 - Scaredy Squirrel
,August 29 - PoliticsNation with Al Sharpton
,
,September 12 - Anderson Cooper
,September 12 - The Bill Cunningham Show
,September 12 - The Jeremy Kyle Show
,September 14 - H8R
,September 17 - Danger Rangers
,September 19 - 2 Broke Girls
,September 19 - Night Calls
,September 19 - Kung Fu Panda: Legends of Awesomeness
,September 20 - New Girl
,September 20 - Unforgettable
,September 22 - Charlie's Angels (2011)
,September 22 - Person of Interest
,September 26 - Terra Nova
,September 30 - Jessie
,
,October 2 - Homeland
,October 5 - American Horror Story
,October 10 - American Guns
,October 10 - Pajanimals
,October 11 - Last Man Standing
,October 18 - Man Up!
,October 23 - Once Upon a Time
,October 28 - Grimm
,October 30 - Allen Gregory
,
,November 21 - You Deserve It
,November 25 - Tyler Perry's For Better or Worse
,November 30 - Baseball Wives
,November 30 - I Hate My Teenage Daughter
,November 30 - The Exes
,
,December 6 - Storage Wars: Texas
,
,
,January 3 - Frank the Entertainer in a Basement Affair
,January 3 - Worst Cooks in America
,January 4 - 18 to Life
,January 4 - The Generations Project
,January 5 - Howe & Howe Tech
,January 5 - Wild Recon
,January 6 - Apocalypse Man
,January 8 - John Oliver's New York Stand-Up Show
,January 11 - Blue Mountain State
,January 11 - Fantasia for Real
,January 13 - Solving History with Olly Steeds
,January 14 - Carnie Wilson: Unstapled
,January 16 - Pit Boss
,January 17 - Human Target
,January 18 - American Pickers
,January 18 - My Life as Liz
,January 21 - The Deep End
,January 22 - Caprica
,January 22 - Spartacus: Blood and Sand
,January 25 - La La Land
,January 26 - The Michael Vick Project
,January 28 - Life Unexpected
,
,February 1 - Kell on Earth
,February 9 - Past Life
,February 12 - Famous Crime Scene
,February 13 - Kick Buttowski: Suburban Daredevil
,February 14 - How to Make It in America
,February 19 - Funny or Die Presents
,February 19 - The Ricky Gervais Show
,February 21 - The Family Crews
,February 25 - Police Women of Maricopa County
,February 28 - The Marriage Ref
,
,"March 1 - Little Parents, Big Charlie"
,March 2 - Parenthood
,March 3 - 1000 Ways to Lie
,March 5 - Who Do You Think You Are?
,March 9 - Food Wars
,March 10 - High Society
,March 11 - Jerseylicious
,March 11 - Sons of Tucson
,March 14 - Fatal Attractions
,March 14 - Hoarding: Buried Alive
,March 14 - Minute to Win It
,March 14 - Pretty Wild
,March 15 - The Price of Beauty
,March 16 - Justified
,March 17 - Addicted
,March 17 - Ugly Americans
,March 21 - Jamie Oliver's Food Revolution
,March 21 - Kirstie Alley's Big Life
,March 24 - Fly Girls
,March 24 - Is It Possible?
,March 27 - The OCD Project
,March 27 - Victorious
,
,April 2 - Miami Medical
,April 3 - Winners Bracket
,April 4 - Good Luck Charlie
,April 11 - Basketball Wives
,April 11 - Brandy & Ray J: A Family Business
,April 11 - Treme
,April 11 - What Chilli Wants
,April 12 - TNA Reaction
,April 18 - Masterclass
,April 19 - Baggage
,April 19 - Romantically Challenged
,April 20 - Ancient Aliens
,April 22 - Sliced
,April 23 - Ben 10: Ultimate Alien
,April 23 - Generator Rex
,April 28 - Happy Town
,
,May 6 - MMA Live
,May 16 - Check It Out! with Dr. Steve Brule
,May 19 - The Good Guys
,May 27 - 100 Questions
,May 27 - Mall Cops: Mall of America
,May 27 - Police Women of Memphis
,May 27 - Svetlana
,
,June 1 - Downtown Girls
,June 2 - Are We There Yet?
,June 6 - The Hard Times of RJ Berger
,June 6 - Top Shot
,June 7 - Neighbors from Hell
,June 8 - Pretty Little Liars
,June 9 - Work of Art: The Next Great Artist
,June 9 - You're Cut Off!
,June 10 - Bethenny Ever After
,June 10 - Late Night Liars
,June 13 - Cupcake Wars
,June 13 - Unnatural History (TV series)
,June 15 - Double Exposure
,June 15 - It's Effin' Science
,June 15 - Warren the Ape
,June 16 - Bert the Conqueror
,June 16 - Hot in Cleveland
,June 20 - The Real L Word
,June 21 - Inedible To Incredible
,June 22 - Memphis Beat
,June 27 - Mary Shelley's Frankenhole
,June 28 - Huge
,June 29 - Louie
,
,July 9 - Haven
,July 10 - Worst Case Scenarios
,July 11 - The Glades
,July 12 - Kid in a Candy Store
,July 12 - Rizzoli & Isles
,July 13 - Covert Affairs
,July 15 - Fact or Faked: Paranormal Files
,July 16 - DC Cupcakes
,July 16 - Lucha Libre USA
,"July 16 - Man, Woman, Wild"
,July 18 - Strange Sex
,July 20 - If You Really Knew Me
,July 21 - 24 Hour Restaurant Battle
,July 26 - Fish Warrior
,July 27 - Growing Up Twisted
,July 28 - Plain Jane
,July 29 - On the Road with Austin & Santino
,
,August 7 - Power of 10
,August 9 - Too Fat for 15
,August 15 - The Great Food Truck Race
,August 16 - The Big C
,August 17 - Melissa & Joey
,August 22 - Aarti Party
,August 30 - Quints by Surprise
,
,September 5 - Mel B: It's a Scary World
,September 6 - Regular Show
,September 6 - MAD
,September 8 - Hellcats
,September 8 - Terriers
,September 9 - Nikita
,September 10 - Fashion Police
,September 12 - World of Jenks
,September 14 - Sextuplets Take New York
,September 15 - Outlaw
,September 15 - Top Chef: Just Desserts
,September 17 - Sym-Bionic Titan
,September 19 - Boardwalk Empire
,September 20 - Chase
,September 20 - The Event
,September 20 - Hoppus on Music
,September 20 - Lone Star
,September 20 - Mike & Molly
,September 21 - Detroit 1-8-7
,September 21 - Raising Hope
,September 21 - Running Wilde
,September 22 - Better with You
,September 22 - The Defenders
,September 22 - Pair of Kings
,September 22 - Undercovers
,September 22 - The Whole Truth
,September 23 - My Generation
,September 23 - Outsourced
,September 23 - $h#! My Dad Says
,September 24 - Fish Hooks
,September 24 - Blue Bloods
,September 26 - Sister Wives
,September 28 - No Ordinary Family
,September 29 - Law & Order: LA
,
,October 2 - Planet Sheen
,October 2 - T.U.F.F. Puppy
,October 3 - Animal Mechanicals
,October 5 - MegaStructures
,October 8 - Gigantic
,October 10 - Family Game Night
,October 10 - My Little Pony: Friendship Is Magic
,October 10 - Pound Puppies
,October 10 - The Twisted Whiskers Show
,October 11 - Pictureka!
,October 12 - Nick Swardson's Pretend Time
,October 14 - The Real Housewives of Beverly Hills
,October 15 - The Adventures of Chuck and Friends
,October 15 - School Pride
,October 16 - Tower Prep
,October 20 - That's Tough
,October 22 - Taylor Swift: Journey to Fearless
,October 25 - Robotomy
,October 26 - Auction Kings
,October 28 - Police Women of Dallas
,October 29 - R.L. Stine's The Haunting Hour
,October 31 - The Walking Dead
,
,November 4 - Oddities
,November 5 - The Benson Interruption
,November 5 - Hubworld
,November 7 - Married to Rock
,November 7 - Shake It Up
,November 8 - Conan
,November 9 - Auction Hunters
,November 14 - Sarah Palin's Alaska
,November 16 - Glory Daze
,November 19 - Homemade Millionaire
,November 21 - Brew Masters
,November 22 - Skating with the Stars
,November 26 - G.I. Joe: Renegades
,November 28 - Bridalplasty
,November 29 - Transformers: Prime
,
,December 1 - Storage Wars
,December 6 - Next Great Baker
,December 20 - Million Dollar Money Drop
,December 29 - My Strange Addiction
,
,
,
,January 3 - Game Show in My Head
,January 3 - Underdog to Wonderdog
,January 4 - Confessions of a Teen Idol
,January 4 - Superstars of Dance
,January 5 - Daddy's Girls
,January 5 - DietTribe
,January 5 - True Beauty
,January 7 - 13: Fear Is Real
,January 7 - Meet the Browns
,January 8 - Greg Behrendt's Wake Up Call
,January 8 - Parking Wars
,January 9 - Howie Do It
,January 11 - Tool Academy
,January 15 - The Beast
,January 15 - Celebrity Rehab Presents Sober House
,January 18 - United States of Tara[1]
,January 19 - Will Work for Food
,January 21 - Lie to Me
,January 26 - Olivia
,January 26 - Trust Me
,January 27 - Toddlers & Tiaras
,
,February 2 - For the Love of Ray J
,February 2 - RuPaul's Drag Race
,February 4 - Billy the Exterminator
,February 6 - Jockeys
,February 8 - The CollegeHumor Show
,February 8 - The Girls of Hedsor Hall
,February 8 - Nitro Circus
,February 8 - Rob Dyrdek's Fantasy Factory
,February 8 - Sonny With a Chance
,February 10 - How the Earth Was Made
,February 10 - T.I.'s Road to Redemption
,February 12 - Animal Armageddon
,February 13 - Aaron Stone
,February 13 - Dollhouse
,February 15 - Eastbound & Down
,February 17 - Dogg After Dark
,February 24 - Dark Days in Monkey City
,
,March 2 - College Life
,March 2 - Harlem Heights
,March 2 - Late Night with Jimmy Fallon
,March 8 - Candy Girls
,March 9 - Animal Cops: Phoenix
,March 9 - Castle
,March 10 - WCG Ultimate Gamer
,March 11 - The Chopping Block
,March 15 - Kings
,March 18 - Better Off Ted
,March 19 - Dhani Tackles the Globe
,March 19 - Taking the Stage
,March 20 - Party Down
,March 21 - Ring of Honor Wrestling
,March 23 - Roommates
,March 23 - Table for 12
,March 26 - In the Motherhood
,March 30 - AMTV
,March 31 - Cupid
,
,April 6 - Surviving Suburbia
,April 7 - Deadliest Warrior
,April 8 - The Unusuals
,April 9 - Kröd Mändoon and the Flaming Sword of Fire
,April 9 - Southland
,April 9 - Parks and Recreation
,April 9 - Harper's Island
,April 13 - Doing DaVinci
,April 15 - PitchMen
,April 16 - WWE Superstars
,April 19 - Cake Boss
,April 19 - The Rising Son
,"April 19 - Sit Down, Shut Up"
,April 26 - Daisy of Love
,
,May 2 - Jonas L.A.
,May 6 - Hitched or Ditched
,May 7 - The Fashion Show
,May 12 - The Real Housewives of New Jersey
,May 15 - TNA Epics
,May 19 - Glee
,May 26 - The Little Couple
,May 26 - Mental
,May 27 - The Goode Family
,May 29 - Obsessed
,May 31 - DJ & the Fro
,May 31 - Jesse James Is a Dead Man
,
,June 1 - The Tonight Show with Conan O'Brien
,June 4 - Tosh.0
,June 7 - Kendra
,June 8 - Nurse Jackie
,June 10 - Top Chef Masters
,June 11 - 16 and Pregnant
,June 13 - 20Q
,June 15 - It's On with Alexa Chung
,June 15 - Zeke and Luther
,June 16 - Hawthorne
,June 17 - The Othersiders
,June 20 - BrainRush
,June 20 - Destroy Build Destroy
,June 21 - Make It or Break It
,June 22 - The Best Thing I Ever Ate
,June 23 - Bite Me with Dr. Mike
,June 23 - NYC Prep
,June 24 - The Philanthropist
,June 28 - Hung
,
,July 1 - Monsters Inside Me
,July 3 - Lingerie
,July 6 - The Great Debate
,July 6 - Sportsnation
,July 7 - 10 Things I Hate About You
,July 7 - That's Impossible
,July 7 - Warehouse 13
,July 12 - Drop Dead Diva
,July 14 - Miami Social
,July 15 - Dark Blue
,July 15 - Michael & Michael Have Issues
,July 19 - Pawn Stars
,July 20 - Dating in the Dark
,July 20 - The T.O. Show
,July 21 - Ruby & The Rockits
,
,August 2 - Megan Wants a Millionaire
,August 3 - Ultimate Cake Off
,August 5 - Giuliana and Bill
,August 6 - Police Women of Broward County
,August 9 - Shark Tank
,August 16 - 2 Months 2 Million
,August 16 - Kourtney and Khloé Take Miami
,August 16 - My Antonio
,"August 17 - Glenn Martin, DDS"
,August 17 - Hoarders
,"August 19 - Dude, What Would Happen"
,August 20 - Models of the Runway
,August 23 - What Would Brian Boitano Make?
,August 24 - The Fresh Beat Band
,August 28 - Hot Wheels Battle Force 5
,
,September 1 - Surviving Disaster
,September 8 - Melrose Place
,September 10 - The Vampire Diaries
,September 13 - Kung Fu Dino Posse
,September 13 - Monsters Resurrected
,September 14 - The Jay Leno Show
,September 16 - MysteryQuest
,September 17 - Archer
,September 17 - Community
,September 18 - The Troop
,September 20 - Bored to Death
,September 21 - Accidentally on Purpose
,September 22 - The Good Wife
,September 22 - The Forgotten
,September 22 - NCIS: Los Angeles
,September 23 - The Beautiful Life: TBL
,September 23 - Cougar Town
,September 23 - Mercy
,September 23 - Eastwick
,September 23 - Modern Family
,September 24 - FlashForward
,September 25 - Brothers
,September 27 - The Cleveland Show
,September 27 - Popzilla
,September 27 - Titan Maximum
,September 28 - Trauma
,September 30 - Hank
,September 30 - The Middle
,
,October 2 - Stargate Universe
,October 3 - Life on Top
,October 3 - SuperFetch
,October 4 - Dallas Divas & Daughters
,October 4 - Three Rivers
,October 5 - The Mo'Nique Show
,October 5 - Jungle Junction
,October 5 - Sherri
,October 6 - Ghost Lab
,October 7 - Secret Girlfriend
,October 9 - I'm Alive
,October 14 - Eddie Griffin: Going For Broke
,October 22 - The Jeff Dunham Show
,October 22 - Ultimate Parkour Challenge
,October 23 - White Collar
,October 27 - Monica: Still Standing
,October 29 - The League
,October 30 - Pit Bulls & Parolees
,
,November 3 - V
,November 6 - Ancients Behaving Badly
,November 6 - Fanboy & Chum Chum
,November 9 - Lopez Tonight
,November 16 - Chef Academy
,November 22 - The Haunted
,November 23 - Find My Family
,November 27 - I'm in the Band
,November 28 - Big Time Rush
,
,December 2 - Launch My Line
,December 3 - BBQ Pitmasters
,December 6 - Holly's World
,December 7 - Men of a Certain Age
,December 8 - Teen Mom
,December 9 - Campus PD
,December 12 - American Ninja Warrior
,December 13 - The Jacksons: A Family Dynasty
,December 14 - The Sing-Off
,December 19 - CHRISJayify
,December 21 - Little Chocolatiers
,December 29 - One Big Happy Family
,December 29 - Private Chefs of Beverly Hills
,
,
,January 8 - How Much Is Enough?
,January 9 - Ghost Hunters International
,January 10 - Make Me a Supermodel
,January 11 - My Big Redneck Wedding
,January 13 - Scott Baio Is 46...and Pregnant
,January 13 - Terminator: The Sarah Connor Chronicles
,January 14 - Bone Detectives
,January 14 - Gourmet's Diary of a Foodie
,January 20 - Breaking Bad
,January 21 - Life After People
,January 23 - The Moment of Truth
,January 25 - Gone Country
,January 28 - In Treatment
,January 29 - The Millionaire Matchmaker
,January 30 - UFO Hunters
,January 31 - Eli Stone
,
,February 4 - The Mr. Men Show
,February 4 - Welcome to The Captain
,February 7 - America's Best Dance Crew
,February 7 - Lipstick Jungle
,"February 7 - Ni Hao, Kai-Lan"
,February 7 - Survivor: Micronesia
,February 8 - Escape to Chimp Eden
,February 18 - Power Rangers Jungle Fury
,
,March 2 - Unhitched
,March 4 - After the Attack
,March 4 - New Amsterdam
,March 4 - The Real Housewives of New York City
,March 6 - Crime 360
,March 9 - Ax Men
,March 12 - Lewis Black's Root of All Evil
,March 18 - Iron Ring
,March 22 - Hollywood 411
,March 29 - Dance on Sunset
,March 31 - Bingo America
,
,April 1 - Delocated
,April 3 - Rock the Cradle
,April 3 - Step It Up and Dance
,April 12 - Groomer Has It
,April 13 - ¡Viva Hollywood!
,April 14 - Can You Duet
,April 14 - Ego trip's Miss Rap Supreme
,April 14 - One Way Out
,April 14 - The Paper
,April 15 - NOFX: Backstage Passport
,April 16 - Under One Roof
,April 18 - Ben 10: Alien Force
,April 21 - Verminators
,April 22 - A Shot at Love II with Tila Tequila
,April 22 - Out of the Wild
,April 26 - The Mighty B!
,April 27 - Celebracadabra
,
,May 2 - Speed Racer: The Next Generation
,May 14 - 1000 Ways to Die
,May 26 - Denise Richards: It's Complicated
,May 26 - Living Lohan
,
,June 1 - In Plain Sight
,June 5 - The Marvelous Misadventures of Flapjack
,June 7 - Housecat Housecall
,June 8 - I Didn't Know I Was Pregnant
,June 8 - Paula's Best Dishes
,June 10 - Untamed & Uncut
,June 16 - The Middleman
,June 17 - Rock and Roll Acid Test
,June 29 - Factory
,
,July 1 - The Secret Life of the American Teenager[2]
,July 6 - I Love Money
,July 11 - The N's Student Body
,July 13 - Brooke Knows Best
,July 15 - From G's to Gents
,July 16 - Hurl!
,July 16 - The Gong Show with Dave Attell
,July 17 - Reality Bites Back
,July 21 - Catch 21
,July 21 - Food Detectives
,July 29 - Jurassic Fight Club
,
,August 2 - Ask Aida
,August 3 - Big Daddy's House
,August 4 - I Want to Work for Diddy
,August 16 - The Dish
,August 18 - MTV's Busted
,August 21 - The Cho Show
,August 21 - Destroyed in Seconds
,August 21 - Tabatha's Salon Takeover
,August 25 - America's Toughest Jobs
,
,September 1 - Raising the Bar
,September 3 - Sons of Anarchy
,September 6 - Body Language
,September 6 - We Mean Business
,September 6 - Wolverine and the X-Men
,September 7 - Hole in the Wall
,September 7 - True Blood
,"September 7 - Weird, True & Freaky"
,September 9 - Fringe
,September 9 - Privileged
,September 9 - The Rachel Zoe Project
,September 10 - Do Not Disturb
,September 11 - MTV's Top Pop Group
,September 20 - The Suite Life on Deck
,September 21 - Spaceballs: The Animated Series
,September 22 - 90210[3]
,September 22 - The Mentalist
,September 22 - Worst Week
,September 23 - Opportunity Knocks
,September 24 - Gary Unmarried
,September 24 - Knight Rider
,September 27 - Gogoriki
,September 28 - The Life & Times of Tim
,September 28 - World's Toughest Fixes
,September 29 - 17 Kids and Counting
,
,October 3 - Star Wars: The Clone Wars
,October 3 - The Ex List
,October 4 - The Secret Saturdays
,October 5 - Easy Money
,October 5 - In Harm's Way
,October 5 - Valentine
,October 7 - The Real Housewives of Atlanta
,October 8 - The Tony Rock Project
,October 9 - Eleventh Hour
,October 9 - Kath & Kim
,October 9 - Life on Mars
,October 9 - Saturday Night Live Weekend Update Thursday
,October 11 - Dogs 101
,October 11 - Zane's Sex Chronicles
,October 13 - My Own Worst Enemy
,October 14 - Iditarod: Toughest Race on Earth
,October 15 - Chocolate News
,October 17 - Crash
,October 17 - Crusoe
,October 17 - Ghost Adventures
,October 18 - Giada at Home
,October 18 - Hulk Hogan's Celebrity Championship Wrestling
,October 20 - Real Chance of Love
,October 20 - Rita Rocks
,October 20 - Scream Queens
,October 21 - Rookies
,October 22 - Stylista
,October 30 - Lost Tapes
,
,November 6 - 50 Cent: The Money and the Power
,November 7 - Whale Wars
,"November 8 - True Jackson, VP"
,November 15 - Think Like a Cat
,November 18 - Brothers to Brutha
,November 28 - Little Britain USA
,November 29 - The Penguins of Madagascar
,
,December 2 - Party Monsters Cabo
,December 3 - Man v. Food
,December 6 - Cats 101
,December 7 - Adventure Time
,December 7 - Leverage
,December 8 - Children's Hospital
,December 9 - A Double Shot at Love
,December 16 - Momma's Boys
,December 28 - Silent Library
,December 29 - Bromance
,December 29 - The City
,January 1 - Engaged and Underage
,January 1 - High Maintenance 90210
,January 1 - Poker After Dark
,January 2 - Dirt
,January 3 - The Knights of Prosperity
,January 3 - In Case of Emergency
,January 4 - Afro Samurai
,January 6 - Wild World of Spike
,January 7 - Grease: You're the One That I Want!
,January 7 - I'm From Rolling Stone
,January 7 - Just Jordan
,January 8 - I Love New York
,January 8 - Lincoln Heights
,January 8 - The (White) Rapper Show
,January 10 - Armed & Famous
,January 12 - Cory in the House
,January 15 - Kids by the Dozen
,January 17 - Maui Fever
,January 17 - The Naked Trucker and T-Bones Show
,January 19 - Ms. Adventure
,January 21 - The Dresden Files
,January 22 - Boulevard of Broken Dreams
,January 22 - E-Vet Interns
,January 23 - Disney's Really Short Report
,January 24 - Dinner: Impossible
,January 28 - Ultimate Factories
,January 30 - Bam's Unholy Union
,January 30 - Wrestling Society X
,January 31 - Top Design
,February 1 - Juvies
,February 1 - The Sarah Silverman Program
,February 2 - The Erotic Traveler
,February 3 - The Naked Brothers Band
,February 5 - Rules of Engagement
,February 11 - Saul of the Mole Men
,February 20 - 100 Winners
,February 20 - The Agency
,February 23 - quiznation
,February 26 - Bizarre Foods with Andrew Zimmern
,February 26 - The Black Donnellys
,February 26 - Power Rangers Operation Overdrive
,February 27 - Are You Smarter Than a 5th Grader?
,March 2 - Cities of the Underworld
,March 2 - Doctor*Ology
,March 3 - El Tigre: The Adventures of Manny Rivera
,March 4 - Dice: Undisputed
,March 5 - The Land Before Time
,March 6 - The Search for the Next Pussycat Doll
,March 7 - The Wedding Bells
,March 10 - Blood+
,March 12 - The Riches
,March 13 - American Heiress
,March 13 - Bullrun
,March 14 - Halfway Home
,March 14 - Saints & Sinners
,March 15 - Raines
,March 15 - October Road
,March 16 - Wayside
,March 20 - The Whitest Kids U' Know
,March 22 - This American Life
,March 23 - Acceptable.TV
,March 27 - The Great American Dream Vote
,April 1 - Sons of Hollywood
,April 1 - The Tudors
,April 2 - Rogue Nature
,April 2 - The Sauce
,April 2 - Taquita + Kaui
,April 3 - Hilary Duff: This Is Now
,April 5 - Adventures in Hollyhood
,April 5 - Human Giant
,April 7 - Short Circuits
,April 9 - Culture Shock
,April 10 - Jon & Kate Plus 8
,April 10 - Scarred
,April 11 - Shear Genius
,April 12 - Notes from the Underbelly
,April 13 - Painkiller Jane
,April 15 - 24/7
,April 15 - Charm School
,April 15 - Drive
,April 16 - Divine Canine
,April 18 - Head Case
,April 24 - Rad Girls
,May 7 - ESPN First Take
,May 12 - My Friends Tigger & Pooh
,May 13 - The Drinky Crow Show
,May 13 - Fat Guy Stuck in Internet
,May 13 - Superjail!
,May 18 - National Bingo Night
,May 19 - Reality Racing
,May 25 - Storm Hawks
,May 28 - Sunset Tan
,May 29 - The Universe
,May 30 - Hidden Palms
,May 30 - The Next Best Thing
,May 30 - Traveler
,May 31 - Pirate Master
,June 1 - Demons
,June 2 - Equitrekking
,June 3 - Army Wives
,June 6 - Destination Truth
,June 6 - Passport to Latin America
,June 6 - Tyler Perry's House of Payne
,June 6 - The X Effect
,June 10 - John from Cincinnati
,June 13 - Lil' Bush
,June 16 - Confessions of a Matchmaker
,June 16 - Giada in Paradise
,June 17 - Cape Wrath
,June 17 - Flight of the Conchords
,June 17 - Ice Road Truckers
,June 18 - The 5ive
,June 18 - Age of Love
,June 18 - Heartland
,June 24 - Friday: The Animated Series
,June 26 - Shaq's Big Challenge
,June 28 - Burn Notice
,June 28 - Hey Paula
,June 29 - The Best Years
,July 2 - Camouflage
,July 8 - American Body Shop
,July 9 - Greek
,July 9 - Take the Cake
,July 10 - Baldwin Hills
,July 11 - Code Monkeys
,July 12 - General Hospital: Night Shift
,July 13 - A Model Life
,July 15 - Rock of Love with Bret Michaels
,July 15 - Scott Baio Is 45...and Single
,July 15 - Side Order of Life
,July 16 - Chelsea Lately
,July 17 - The Bill Engvall Show
,July 17 - Room 401
,July 18 - America's Next Producer
,July 19 - Mad Men
,July 20 - Human Weapon
,July 22 - The Kill Point
,July 22 - Private Sessions
,July 23 - Saving Grace
,July 24 - Damages
,July 25 - Diagnosis X
,July 26 - I Hate My 30's
,July 29 - The Two Coreys
,July 31 - Flipping Out
,July 31 - Murder
,August 4 - Grand Slam
,August 5 - Kimora: Life in the Fab Lane
,August 6 - Mission Man Band
,August 6 - The Pickup Artist
,August 7 - LA Ink
,August 10 - Flash Gordon
,August 13 - Californication
,August 13 - Newport Harbor: The Real Orange County
,August 13 - Slacker Cats
,August 17 - Phineas and Ferb
,August 20 - Yo Gabba Gabba!
,August 22 - Anchorwoman
,August 27 - Life of Ryan
,August 30 - Celebrity Rap Superstar
,August 31 - Back at the Barnyard
,"“September 2"" - My Little Brony"
,September 3 - Super Why!
,September 3 - WordWorld
,September 4 - Jail
,September 4 - Put Up Your Dukes
,September 6 - Tim Gunn's Guide to Style
,September 8 - iCarly
,"September 9 - Lucy, the Daughter of the Devil"
,September 10 - Tell Me You Love Me
,September 10 - The Steve Wilkos Show
,September 14 - Nashville
,September 14 - Out of Jimmy's Head
,September 17 - K-Ville
,September 19 - Gossip Girl
,September 19 - MANswers
,September 19 - Back to You
,September 19 - Kid Nation
,September 19 - Kitchen Nightmares
,September 23 - CW Now
,September 23 - Online Nation
,September 24 - Journeyman
,September 24 - The Big Bang Theory
,September 24 - Chuck
,September 25 - Reaper
,September 25 - Cane
,September 26 - Bionic Woman
,September 26 - Life
,September 26 - Private Practice
,September 26 - Dirty Sexy Money
,September 27 - Big Shots
,September 28 - Moonlight
,September 29 - Back at the Barnyard
,October 1 - Aliens in America
,October 1 - Celebrity Exposé
,October 1 - Control Room Presents
,October 1 - Dr. Steve-O
,October 2 - Cavemen
,October 2 - Carpoolers
,October 2 - Sunday Best
,October 3 - Pushing Daisies
,October 5 - About a Girl
,October 7 - America's Most Smartest Model
,October 7 - Life Is Wild
,October 9 - A Shot at Love with Tila Tequila
,October 11 - Street Customs
,October 12 - Say Yes to the Dress
,October 12 - Women's Murder Club
,October 12 - Wizards of Waverly Place
,October 13 - The Future Is Wild
,October 13 - The Search for the Next Elvira
,October 14 - Keeping Up with the Kardashians
,October 15 - Samantha Who?
,October 15 - The Salt-N-Pepa Show
,October 16 - E:60
,October 17 - Storm Chasers
,October 18 - Viva Laughlin
,October 19 - The Next Great American Band
,October 22 - Kaya
,October 24 - Phenomenon
,October 31 - MonsterQuest
,November 1 - Gangland
,November 2 - Chowder
,November 2 - Co-Ed Confidential
,November 2 - Orangutan Island
,November 4 - Xavier: Renegade Angel
,November 7 - Trapped
,November 9 - CMT Invitation Only
,November 9 - Talking Metal on Fuse
,November 10 - Trick My Trucker
,November 11 - Fearless Planet
,November 20 - Frank TV
,November 30 - Shockwave
,December 7 - The A-list
,December 9 - Snoop Dogg's Father Hood
,December 16 - Psychic Kids
,December 26 - Transformers: Animated
,December 27 - Some Assembly Required
,December 28 - Fight Quest
,December 6 - Watch Over Me
,December 6 - Wicked Wicked Games
,December 7 - My Bare Lady
,December 10 - The Real Lost World
,December 11 - The Lost Room
,December 17 - Squirrel Boy
,December 18 - Identity
,November 1 - Bizarre Foods with Andrew Zimmern
,November 1 - The Rich List
,November 2 - Rob & Big
,November 3 - Class of 3000
,November 3 - Dogfights
,"November 4 - Diners, Drive-Ins and Dives"
,November 4 - Monarch Cove
,November 13 - Really Rich Real Estate
,November 14 - Show Me the Money
,November 14 - 3 lbs
,November 15 - Day Break
,November 17 - America's Game: The Super Bowl Champions
,November 17 - Not Your Average Travel Guide
,November 26 - Assy McGee
,November 27 - 10 Items or Less
,November 28 - Big Day
,November 28 - My Boys
,November 30 - Corkscrewed
,October 1 - Dexter
,October 2 - House of Carters
,October 3 - Friday Night Lights
,October 4 - Freak Show
,October 4 - The Nine
,October 11 - 30 Rock
,October 13 - 1 vs. 100
,October 13 - TCM Underground
,October 16 - Frisky Dingo
,October 17 - The Hungry Detective
,October 20 - Ice-T's Rap School
,October 20 - The Wendy Williams Experience
,October 22 - Torchwood
,October 22 - Celebrity Paranormal Project
,October 24 - Audubon Park Elementary
,September 2 - Fantastic Four: World's Greatest Heroes
,September 2 - Saturday Night Football
,September 4 - World Blackjack Tour
,September 5 - Standoff
,September 5 - Desire
,September 5 - Fashion House
,September 7 - Happy Hour
,September 7 - 'Til Death
,September 7 - Whacked Out Sports
,September 9 - Bleach
,September 9 - Growing Up Creepie
,September 9 - Trinity Blood
,September 10 - NBC Sunday Night Football
,September 11 - Judge Maria Lopez
,September 12 - The Greg Behrendt Show
,September 14 - The Underground
,September 15 - Men in Trees
,September 16 - Handy Manny
,September 16 - Imagination Movers
,September 18 - Studio 60 on the Sunset Strip
,September 18 - Rachael Ray
,September 18 - The Megan Mullally Show
,September 18 - The Class
,September 19 - Smith
,September 20 - Kidnapped
,September 20 - Jericho
,September 21 - Six Degrees
,September 21 -Young Dracula
,September 21 - Shark
,September 23 - Legion of Super Heroes
,September 23 - Monster Allergy
,September 23 - Shaggy & Scooby-Doo Get a Clue!
,September 23 - Tom and Jerry Tales
,September 24 - Brothers & Sisters
,"September 25 - Heroes February 8, 2010"
,September 25 - Runaway
,September 26 - Help Me Help You
,September 28 - Ugly Betty
,September 29 - Paula's Party
,August 1 - Tabloid Wars
,August 6 - Metalocalypse
,August 6 - Three Moons Over Milford
,August 7 - Gene Simmons Family Jewels
,August 11 - CMT Cross Country
,August 17 - Ace of Cakes
,August 21 - Vanished
,August 28 - Wow! Wow! Wubbzy!
,August 30 - Justice
,August 31 - The Fantasy Show
,July 6 - Raising the Roofs
,July 7 - Dog Bites Man
,July 7 - Psych
,July 7 - The Ultimate Coyote Ugly Search
,July 9 - Brotherhood
,July 10 - Caught in the Moment
,July 12 - Keyshia Cole: The Way It Is
,July 12 - WWE Madison Square Garden Classics
,July 13 - Most Evil
,July 16 - Angela's Eyes
,July 17 - Driving Force
,July 17 - Final Fu
,July 18 - Eureka
,July 19 - Miami Ink
,July 19 - Work Out
,July 27 - Who Wants to Be a Superhero?
,July 28 - The Replacements
,July 31 - One Ocean View
,June 2 - Beyond the Break
,June 5 - World Series of Blackjack
,June 6 - The Janice Dickinson Modeling Agency
,June 7 - Dog Bites Man
,June 8 - Windfall
,June 9 - Where My Dogs At?
,June 11 - Lucky Louie
,June 12 - Saved
,June 13 - ECW on Sci Fi
,June 16 - Million Dollar Listing
,June 17 - Spider Riders
,June 18 - Treasure Hunters
,June 21 - America's Got Talent
,June 21 - Tyler Perry's House of Payne
,June 22 - Country Fried Home Videos
,June 26 - Kyle XY
,June 28 - Blade: The Series
,June 29 - American Eats
,May 5 - Mickey Mouse Clubhouse
,May 7 - Disorderly Conduct: Video on Patrol
,May 21 - Supergroup
,May 23 - Mega Disasters
,May 29 - Solitary
,May 31 - The Hills
,April 2 - So NoTORIous
,April 3 - Call to Greatness
,April 3 - Yo Momma
,April 4 - Bonds on Bonds
,April 4 - King of Cars
,April 4 - Pepper Dennis
,April 6 - PlayMania
,April 7 - Can't Get a Date
,April 9 - Just for Kicks
,April 10 - Shalom in the Home
,April 15 - Eureka Seven
,April 16 - What About Brian
,April 17 - I've Got a Secret
,April 18 - Mega Movers
,April 18 - Pants-Off Dance-Off
,April 19 - Future Weapons
,April 21 - The Chelsea Handler Show
,March 1 - Free Ride
,March 2 - The Shop
,March 3 - Conviction
,"March 4 - Little People, Big World"
,March 4 - Wonder Pets
,March 6 - Pros vs. Joes
,March 6 - Top Chef
,March 7 - 8th & Ocean
,March 7 - Sons & Daughters
,March 7 - The Unit
,March 8 - Black. White.
,March 12 - Big Love
,March 12 - Cheerleader Nation
,March 13 - The New Adventures of Old Christine
,March 15 - The Loop
,March 15 - American Idol Extra
,March 16 - American Inventor
,March 17 - Modern Men
,March 21 - The Real Housewives of Orange County
,March 22 - The Evidence
,March 22 - Heist
,March 22 - Unan1mous
,March 24 - Hannah Montana
,March 27 - The Daily 10
,March 28 - Teachers
,March 28 - Thief
,March 29 - The Bedford Diaries
,March 31 - Survival of the Richest
,February 3 - Trick My Truck
,February 7 - Get This Party Started
,February 25 - Kappa Mikey
,January 1 - Flavor of Love
,January 1 - High Stakes Poker
,January 1 - In Justice
,January 2 - Rollergirls
,January 4 - South Beach
,January 4 - There & Back
,January 5 - Four Kings
,January 6 - The Book of Daniel
,January 6 - Dallas SWAT
,January 6 - Hotel Erotica Cabo
,January 7 - MuscleCar
,January 8 - Campus Ladies
,January 9 - There & Back
,January 11 - Ham on the Street
,January 12 - Crumbs
,January 13 - Web Junk 20
,January 15 - Full Force Nature
,January 17 - King of Vegas
,January 17 - Love Monkey
,January 18 - Skating with Celebrities
,January 22 - Number 1 Single
,January 23 - Courting Alex
,January 27 - The Emperor's New School
,January 3 - Medium
,January 4 - Committed
,January 8 - Sports Illustrated Swimsuit Model Search
,January 8 - The Will
,January 9 - Strange Love
,January 9 - Unscripted
,January 9 - Zoey 101
,January 10 - American Dream Derby
,January 11 - Queer Eye for the Straight Girl
,January 13 - Tilt
,January 14 - GameTrailers TV with Geoff Keighley
,January 14 - Jonny Zero
,January 16 - Iron Chef America
,January 17 - Trucks!
,January 17 - Who Gets the Dog?
,January 18 - My Super Sweet 16
,January 19 - Point Pleasant
,January 21 - American Dragon: Jake Long
,January 21 - Slave to the Metal
,January 23 - NUMB3RS
,January 23 - Pet Alien
,January 24 - Digging for the Truth
,January 29 - Moving Up
,February 2 - It Takes a Thief
,February 3 - The Playbook
,February 6 - American Dad!
,February 6 - Parental Control
,February 8 - Deadly Women
,February 14 - Cuts
,February 14 - Kudlow & Company
,February 20 - Robot Chicken
,February 21 - Avatar: The Last Airbender
,February 26 - Boom!
,March 3 - Law & Order: Trial by Jury
,March 5 - Carpocalypse
,March 6 - Damage Control
,March 6 - Intervention
,March 7 - The Contender
,March 7 - Fat Actress
,March 8 - Blind Justice
,March 11 - Wonder Showzen
,March 13 - Jake in Progress
,March 14 - Mad Money
,March 17 - E! Hollywood Hold'em
,March 18 - The Suite Life of Zack & Cody
,March 20 - The Last Dragon
,March 21 - Las Vegas Garden of Love
,March 24 - Life on a Stick
,March 24 - The Office
,March 25 - Krypto the Superdog
,March 27 - Grey's Anatomy
,March 28 - Attack of the Show!
,March 30 - Eyes
,April 1 - The Eyes of Nye
,"""April 4"" - School Time!"
,April 4 - Lost Worlds
,April 6 - Con
,April 6 - Meet the Barkers
,April 8 - Living With Fran
,April 12 - Deadliest Catch
,April 13 - Stacked
,April 16 - Good Deal with Dave Lieberman
,April 18 - I Married a Princess
,April 25 - Is It Real?
,May 1 - Metal Asylum
,May 4 - Next
,May 13 - Costas Now
,May 14 - Alien Planet
,May 17 - Britney and Kevin: Chaotic
,May 21 - Game Show Moments Gone Bananas
,May 28 - Attack of the Show!
,May 29 - Kept
,May 30 - The Life and Times of Juniper Lee
,June 1 - Dancing with the Stars
,June 2 - Beauty and the Geek
,June 5 - The Comeback
,June 5 - Fight for Fame
,June 5 - The Next Food Network Star
,June 6 - Stranded with Cash Peters
,June 13 - The Closer
,June 15 - 30 Days
,June 15 - Corwin's Quest
,June 16 - Real Time with Bill Maher
,June 17 - The Buzz on Maggie
,June 19 - 12 oz. Mouse
,June 20 - Wildfire
,June 26 - The Andy Milonakis Show
,June 29 - Stella
,June 30 - Being Bobby Brown
,July 5 - MTV's The 70s House
,July 8 - Camp Lazlo
,July 8 - Mind of Mencia
,July 8 - Stankervision
,July 9 - Catscratch
,July 9 - Time Warp Trio
,July 10 - Hogan Knows Best
,July 17 - Minding the Store
,July 18 - Ballbreakers
,July 19 - Miami Ink
,July 19 - Shootout!
,July 20 - Criss Angel Mindfreak
,July 20 - Inked
,July 20 - So You Think You Can Dance
,July 23 - 5 Takes
,July 24 - Flip This House
,July 25 - Anthony Bourdain: No Reservations
,July 25 - Kill Reality
,July 27 - Over There
,July 28 - Wild 'n Out
,July 29 - Weekends at the D.L.
,July 31 - Wanted
,August 1- Quite Frankly with Stephen A. Smith
,August 2 - Hi-Jinks
,August 3 - Kathy Griffin: My Life on the D-List
,August 4 - It's Always Sunny in Philadelphia
,August 4 - Starved
,August 7 - Filthy Rich: Cattle Drive
,August 7 - Weeds
,August 8 - Beautiful People
,August 8 - Too Late with Adam Carolla
,August 10 - Taradise
,August 14 - Barbershop
,August 17 - Battle of the Network Reality Stars
,August 22 - Super Agent
,August 26 - Rachael Ray's Tasty Travels
,August 28 - Rome
,August 29 - Prison Break
,August 31 - Cinematech
,September 1 - Martha
,"September 6 - Go, Diego, Go!"
,September 11 - Breaking Bonaduce
,September 11 - My Fair Brady
,September 11 - The War at Home
,September 12 - Judge Alex
,September 12 - The Tyra Banks Show
,September 13 - Bones
,September 13 - Engineering an Empire
,September 13 - Supernatural
,September 15 - Head Cases
,September 16 - Threshold
,September 16 - Twins
,September 17 - The Showbiz Show with David Spade
,September 17 - Johnny Test
,September 17 - Loonatics Unleashed
,September 17 - Coconut Fred's Fruit Salad Island
,September 19 - How I Met Your Mother
,September 19 - Just Legal
,September 19 - Surface
,September 20 - Firehouse USA: Boston
,September 20 - My Name Is Earl
,September 20 - TransGeneration
,September 21 - The Apprentice: Martha Stewart
,September 21 - E-Ring
,September 22 - Everybody Hates Chris
,September 22 - Invasion
,"September 22 - Love, Inc."
,September 23 - Criminal Minds
,September 23 - Ghost Whisperer
,September 23 - Inconceivable
,September 23 - Three Wishes
,September 27 - Commander in Chief
,September 28 - Cold Case
,September 29 - Night Stalker
,October 1 - Flight 29 Down
,October 5 - Freddie
,October 5 - Related
,October 9 - Little Einsteins
,October 13 - Run's House
,October 16 - Squidbillies
,October 17 - The Colbert Report
,October 17 - Miss Seventeen
,October 28 - A Haunting
,October 28 - Masters of Horror
,October 30 - But Can They Sing?
,November 4 - South of Nowhere
,November 6 - The Boondocks
,November 6 - Minoriteam
,November 11 - Animal Planet Report
,November 25 - The X's
,December 4 - Sleeper Cell
,December 5 - Isaac
,December 6 - Madden Nation
,December 10 - Cash Cab
,December 13 - Moral Orel
,December 15 - Celebrity Eye Candy
,December 19 - Deal or No Deal
,December 26 - My Gym Partner's a Monkey
,December 27 - Ben 10
,January 1 - BBQ with Bobby Flay
,January 2 - Who's Your Daddy
,January 5 - Airline
,January 5 - Boiling Points
,January 5 - Miami Animal Police
,January 6 - Made in America
,January 11 - Drake & Josh
,January 11 - The John Henson Project
,January 12 - On Air with Ryan Seacrest
,January 16 - Dweezil & Lisa
,January 16 - How Do I Look?
,January 18 - The L Word
,January 19 - Bands Reunited
,January 19 - My Big Fat Obnoxious Fiance
,January 19 - Nerd Nation
,January 21 - 'Til Death Do Us Part: Carmen and Dave
,January 23 - American Hot Rod
,January 23 - Dave the Barbarian
,January 28 - College Hill
,January 30 - Teamo Supremo
,February 1 - Dream Job
,February 2 - High School Stories
,February 2 - In a Fix
,February 4 - Cheap Seats
,February 15 - Extreme Makeover: Home Edition
,February 23 - Straight Plan for the Gay Man
,March 1 - Forever Eden
,March 3 - Kingdom Hospital
,March 3 - Significant Others
,March 4 - Mad Mad House
,March 4 - Pimp My Ride
,March 9 - Cracking Up
,March 12 - Playing It Straight
,March 12 - Wonderfalls
,March 14 - This Just In!
,March 15 - I Want a Famous Face
,March 16 - Century City
,March 17 - The Stones
,March 21 - Animal Face-Off
,March 21 - Deadwood
,April 2 - The Big House
,April 3 - Danny Phantom
,April 7 - The Swan
,April 9 - National Geographic Ultimate Explorer
,April 12 - Peep and the Big Wide World
,April 12 - Untold Stories of the E.R.
,April 13 - Showbiz Moms & Dads
,April 14 - I'm Still Alive
,April 14 - Overhaulin'
,April 19 - Family Plots
,April 23 - American Hot Rod
,April 28 - Shorties Watchin' Shorties
,une 1 - Big!
,June 1 - Summerland
,June 1 - Wanna Come In?
,June 3 - The First 48
,June 4 - American Casino
,June 4 - Black Tie Nights
,June 4 - TNA Impact!
,June 8 - Blow Out
,June 10 - Animal Icons
,June 14 - North Shore
,June 15 - Extreme Dodgeball
,June 16 - The Ashlee Simpson Show
,June 16 - Method & Red
,June 16 - Quintuplets
,June 18 - Phil of the Future
,June 20 - Fatherhood
,June 22 - Outback Jack
,June 24 - The Graham Norton Effect
,July - Trading Spouses
,July 1 - Celebrity Blackjack
,July 1 - The Soup
,July 5 - UFO Files
,July 6 - Crossballs: The Debate Show
,July 8 - Stump the Schwab
,July 11 - Dr. 90210
,July 11 - The 4400
,July 12 - The Assistant
,July 16 - Stargate Atlantis
,July 18 - Entourage
,July 21 - Rescue Me
,July 28 - Amish in the City
,July 29 - Blue Collar TV
,July 30 - O'Grady
,August 1 - American Candidate
,August 1 - Growing Up Gotti
,August 1 - Stroker and Hoop
,August 7 - Soapography
,August 13 - Foster's Home for Imaginary Friends
,August 21 - Brandy & Mr. Whiskers
,August 30 - The Complex: Malibu
,August 31 - Dog the Bounty Hunter
,August 31 - Father of the Pride
,September 1 - Ambush Makeover
,September 1 - Da Boom Crew
,September 1 - Hawaii
,September 1 - Renovate My Family
,September 4 - 1 Day With
,September 4 - Kitchen Accomplished
,September 6-15/Love
,September 7 - The Al Franken Show
,September 9 - Conspiracy?
,September 9 - Joey
,September 9 - Medical Investigation
,September 11 - The Batman
,September 12 - Jack & Bobby
,September 12 - Unfabulous
,September 13 - The Benefactor
,September 13 - Dog Whisperer
,September 13 - LAX
,September 13 - The Tony Danza Show
,September 16 - Video Mods
,September 20 - Listen Up!
,September 20 - Second Time Around
,September 21 - Rodney
,September 22 - CSI: NY
,September 22 - Lost
,September 22 - The Mountain
,September 22 - Veronica Mars
,September 24 - Complete Savages
,September 24 - Dr. Vegas
,September 26 - Clubhouse
,September 27 - Miss Spider's Sunny Patch Friends
,September 29 - Kevin Hill
,September 30 - Second Time Around
,October 2 - Darcy's Wild Life
,October 3 - Boston Legal
,October 3 - Desperate Housewives
,October 5 - Wanda Does It
,October 6 - Ghost Hunters
,October 6 - Proof Positive
,October 7 - Drawn Together
,October 7 - Drew Carey's Green Screen Show
,October 7 - Life As We Know It
,October 11 - The Backyardigans
,October 12 - Manhunt
,October 16 - I Wanna Be a Soap Star
,October 18 - Battlestar Galactica
,October 19 - The Biggest Loser
,October 19 - He's a Lady
,October 26 - Motormouth
,October 27 - Center of the Universe
,October 27 - Drawn Together
,November 1 - Love Is in the Heir
,November 3 - Nanny 911
,November 4 - The Ultimate Gamer
,November 5 - Cartoon Alley
,November 7 - 6teen
,November 7 - Huff
,November 7 - My Big Fat Obnoxious Boss
,November 7 - Perfect Hair Forever
,November 9 - I Hate My Job
,November 10 - The Club
,November 12 - Untold: The Greatest Sports Stories Never Told
,November 14 - Tom Goes to the Mayor
,November 15 - Date My Mom
,November 16 - House
,November 23 - My Coolest Years
,November 30 - The Real Gilligan's Island
,December 1 - Project Runway
,December 7 - Poker Royale
,January - Joe Millionaire
,January 6 - Abby
,January 6 - Cram
,January 9 - The Surreal Life
,January 10 - Mister Sterling
,January 11 - Made
,January 17 - That's So Raven
,January 18 - What Not to Wear
,January 20 - IMX
,January 22 - Chappelle's Show
,January 24 - Penn & Teller: Bullshit!
,January 27 - Miracles
,January 27 - Veritas: The Quest
,January 31 - Pet Star
,February 2 - Kingpin
,February 4 - A.U.S.A.
,February 16 - The Venture Bros.
,February 21 - Da Ali G Show
,February 21 - Family Business
,February 21 - Real Time with Bill Maher
,February 24 - My Big Fat Greek Life
,February 26 - Fraternity Life
,March - Anderson Cooper 360°
,March 4 - Hey Monie!
,March 8 - Gerhard Reinke's Wanderlust
,March 9 - Oliver Beene
,March 17 - Punk'd
,March 20 - On the Spot
,March 26 - Wanda at Large
,March 28 - America's Most Talented Kid
,March 30 - Black Sash
,March 30 - The Pitts
,April 1 - What Should You Do?
,April 6 - Zatch Bell!
,April 8 - Lucky
,April 9 - Lost at Home
,April 12 - All Grown Up!
,April 13 - Extreme Engineering
,April 14 - Platinum
,April 21 - Mr. Personality
,April 30 - Wired For Sex
,May 1 - The Fabulous Life of...
,May 6 - Jim Rome Is Burning
,May 9 - Subterranean
,May 12 - Surf Girls
,May 16 - Unscrewed with Martin Sargent
,May 17 - Trading Spaces: Boys vs. Girls
,May 26 - Switched!
,May 29 - Totally Outrageous Behavior
,June 1 - Last Comic Standing
,June 1 - Monster House
,June 1 - Out of Order
,June 3 - American Juniors
,June 4 - Celebrities Uncensored
,June 18 - Paradise Hotel
,June 15 - National Lampoon's Funny Money
,June 15 - Queer Eye
,June 17 - I'm with Busey
,June 26 - Gary the Rat
,"June 26 - Ren & Stimpy ""Adult Party Cartoon"""
,June 26 - Stripperella
,June 27 - Dead Like Me
,July 11 - Evil Con Carne
,July 11 - Spider-Man: The New Animated Series
,July 19 - Teen Titans
,July 20 - The Restaurant
,July 22 - Nip/Tuck
,July 23 - Reno 911!
,July 29 - Boy Meets Boy
,July 30 - Peacemakers
,August 1 - My Life as a Teenage Robot
,August 1 - Simply Ming
,August 1 - Wild Card
,August 5 - The O.C.
,August 8 - Girls v. Boys
,August 19 - Newlyweds: Nick and Jessica
,August 19 - Wild West Tech
,August 25 - Bikini Destinations
,August 29 - Cowboy U
,September 1 - Hotlines
,September 1 - My Dad the Rock Star
,September 1 - Ride with Funkmaster Flex
,September 1 - Tactical to Practical
,September 3 - Clean House
,September 7 - Carnivàle
,September 8 - The Ellen DeGeneres Show
,September 9 - Whoopi
,September 9 - Happy Family
,September 9 - Starting Over
,September 10 - Jake 2.0
,September 11 - The Mullets
,September 11 - Run of the House
,September 11 - Steve Harvey's Big Time Challenge
,September 12 - All About the Andersons
,September 13 - Romeo!
,September 14 - K Street
,September 15 - Eve
,September 15 - Rock Me Baby
,September 15 - The Sharon Osbourne Show
,September 16 - All of Us
,September 18 - Threat Matrix
,September 19 - Like Family
,September 19 - Luis
,September 20 - Lilo & Stitch: The Series
,September 22 - Las Vegas
,September 22 - Two and a Half Men
,September 23 - NCIS
,September 23 - One Tree Hill
,September 23 - I'm With Her
,"September 24 - The Brotherhood of Poland, New Hampshire"
,September 25 - Coupling
,September 26 - Hope & Faith
,September 27 - Teen Kids News
,September 28 - 10-8: Officers on Duty
,September 28 - Cold Case
,September 28 - The Lyon's Den
,September 30 - Invent This!
,October 1 - Austin Stevens: Snakemaster
,October 1 - It's All Relative
,October 1 - Karen Sisco
,October 3 - Married to the Kellys
,October 4 - Battlefield Detectives
,October 5 - Tarzan
,October 6 - Knock First
,October 12 - Shootout
,October 13 - King of the Jungle
,October 14 - Rich Girls
,October 17 - VH1 ILL-ustrated
,October 20 - 1st and 10
,October 20 - Cold Pizza
,October 20 - Skin
,October 22 - Kid Notorious
,October 26 - Viva La Bam
,October 26 - Wildboyz
,October 29 - A Minute with Stan Hooper
,October 30 - Tru Calling
,October 31 - Distraction
,November 1 - Tutenstein
,November 2 - Arrested Development
,November 7 - Dirty Jobs
,November 12 - I Married...
,November 24 - The Bronx Bunny Show
,December 2 - Celebrity Poker Showdown
,December 2 - Line of Fire
,December 2 - The Simple Life
,December 2 - The Tracy Morgan Show
,December 3 - Extreme Makeover: Home Edition
,January 6 - The Conspiracy Zone
,January 6 - The It Factor
,January 8 - Last Call with Carson Daly
,January 13 - CMT Crossroads
,January 13 - The Jamie Kennedy Experiment
,January 15 - First Monday
,January 23 - That '80s Show
,February 8 - The Cramp Twins
,February 9 - Galidor
,February 28 - Leap of Faith
,March 3 - Jeremiah
,March 4 - Late World with Zach
,March 5 - As If
,March 5 - The Osbournes
,March 12 - The Shield
,March 19 - Mostly True Stories: Urban Legends Revealed
,March 22 - ChalkZone
,March 25 - The Bachelor
,March 27 - George Lopez
,April 4 - .hack//Sign
,April 15 - Whammy! The All-New Press Your Luck
,April 22 - Made
,April 24 - $40 a Day
,May - WWF Afterburn
,May - WWF Bottom Line
,May 1 - Arena
,May 1 - Blister
,May 1 - Cheat!
,May 1 - Filter
,May 1 - Game Makers
,May 1 - Icons
,May 1 - Players
,May 1 - Portal
,May 3 - The Best Sex Ever
,May 16 - Eye Drops
,May 25 - WWF Confidential
,June 2 - The Wire
,June 3 - Crank Yankers
,June 3 - Friend or Foe?
,June 3 - Russian Roulette
,June 7 - Kim Possible
,June 10 - Soap Talk
,June 11 - American Idol
,June 12 - Dog Eat Dog
,June 23 - Totally in Tune
,June 24 - Sorority Life
,July 1 - The Most Extreme
,July 12 - Monk
,July 15 - She Spies
,July 17 - Breaking News
,July 20 - The Adventures of Jimmy Neutron: Boy Genius
,July 25 - Whatever Happened to... Robot Jones?
,August 1 - Contest Searchlight
,August 1 - Oblivious
,August 4 - The Anna Nicole Show
,August 4 - Mail Call
,August 5 - Lingo
,August 17 - ¡Mucha Lucha!
,September 2 - The Caroline Rhea Show
,September 10 - Boy Meets Grill
,September 14 - Fillmore!
,September 14 - Ozzy & Drix
,September 15 - Stargate Infinity
,September 16 - Everwood
,September 17 - 8 Simple Rules
,September 17 - Life with Bonnie
,"September 17 - Push, Nevada"
,September 18 - Cedric the Entertainer Presents
,September 18 - Fastlane
,September 18 - The Twilight Zone
,September 19 - Do Over
,September 20 - Firefly
,September 20 - John Doe
,September 20 - What I Like About You
,September 21 - Girls Behaving Badly
,September 23 - CSI: Miami
,September 23 - Half & Half
,September 24 - Haunted
,September 24 - Hidden Hills
,September 24 - In-Laws
,September 24 - Presidio Med
,September 25 - MDs
,"September 26 - Good Morning, Miami"
,September 26 - Without a Trace
,September 27 - Hack
,September 27 - Robbery Homicide Division
,September 27 - That Was Then
,September 28 - Biker Build-Off
,September 29 - American Dreams
,September 29 - Boomtown
,September 30 - Still Standing
,October 1 - Less Than Perfect
,October 4 - Hotel Erotica
,October 5 - Endurance
,October 5 - TNA Xplosion
,October 6 - Bram & Alice
,October 9 - Birds of Prey
,October 14 - Dog Days
,"October 20 - Secret, Strange & True"
,October 21 - Girls Club
,October 27 - Scaredy Camp
,October 28 - Page to Screen
,October 30 - 3 South
,November 1 - Codename: Kids Next Door
,November 2 - Clone High
,November 4 - Around the Horn
,November 5 - Carmen and Dave: An MTV Love Story
,November 16 - Paula's Home Cooking
,November 25 - Doggy Fizzle Televizzle
,November 30 - Barefoot Contessa
,November 30 - Dr. Phil
,December 9 - Tough Crowd with Colin Quinn
,December 9 - WinTuition
,January - Texas Justice
,January 1 - Great Hotels
,January 1 - History vs. Hollywood
,January 5 - Black Scorpion
,January 7 - The Division
,January 7 - Totally Hoops
,January 9 - The Mole
,January 10 - Grounded for Life
,January 10 - Temptation Island
,January 12 - Lizzie McGuire
,January 14 - Taina
,January 15 - 100 Centre Street
,January 27 - The Zeta Project
,February 1 - Los Luchadores
,February 3 - Lloyd in Space
,February 4 - Kathy's So Called Reality
,February 27 - The Andy Dick Show
,February 28 - Some of My Best Friends
,March 1 - Big Apple
,March 4 - The Lone Gunmen
,March 12 - The Chris Isaak Show
,March 14 - The Job
,March 27 - What About Joan?
,March 28 - My Wife and Kids
,March 28 - Boot Camp
,March 30 - The Fairly OddParents
,March 30 -Invader Zim
,April 1 - Mall Masters
,April 1 - The Oblongs
,April 1 - Undergrads
,April 2 - Bands on the Run
,April 4 - That's My Bush!
,April 11 - Special Unit 2
,May 26 - Sail Away
,May 28 - CMT Most Wanted Live
,June 1 - Unwrapped
,June 2 - Braceface
,June 3 - Six Feet Under
,June 5 - Kristin
,June 8 - Time Squad
,June 11 - Fear Factor
,June 12 - Witchblade
,June 18 - Spyder Games
,June 21 - WWF Tough Enough
,June 25 - State of Grace
,June 26 - Animal Precinct
,July 12 - Night Visions
,July 14 - The Chronicle
,July 21 - ShoBox: The New Generation
,July 24 - Murder in Small Town X
,July 29 - Leap Years
,August 1 - All About Us
,August 1 - The Nightmare Room
,August 5 - Insomniac with Dave Attell
,August 10 - Dismissed
,August 10 - Samurai Jack
,August 11 - Cubix: Robots for Everyone
,August 14 - Dead Last
,August 19 - Let's Bowl
,August 21 - Ultimate Revenge
,August 22 - Small Shots
,August 24 - The Grim Adventures of Billy & Mandy
,August 27 - Shipmates
,September 1 - The Legend of Tarzan
,September 3 - One on One
,September 5 - The Amazing Race
,September 6 - City Guys
,September 8 - How I'm Livin'
,September 8 - The Ripping Friends
,September 9 - Ponderosa
,September 10 - Sponk!
,September 12 - Wolf Lake
,September 13 - Sitting Ducks
,September 15 - Alienators: Evolution Continues
,September 15 - The Proud Family
,September 17 - ElimiDate
,September 18 - Moolah Beach
,September 18 - Access Granted
,September 22 - BET's Top 25
,September 23 - The Mind of the Married Man
,September 24 - Crossing Jordan
,September 25 - The Guardian
,September 25 - Emeril
,September 25 - Philly
,September 25 - Undeclared
,September 26 - Star Trek: Enterprise
,September 27 - The Agency
,September 28 - Thieves
,September 29 - The Nightmare Room
,September 29 - The Mummy: The Animated Series
,September 29 - Pasadena
,September 29 - Citizen Baines
,September 30 - Law & Order: Criminal Intent
,September 30 - Alias
,September 30 - UC: Undercover
,September 30 - The Education of Max Bickford
,October 2 - Scrubs
,October 2 - Bob Patterson
,October 3 - According to Jim
,October 5 - Maybe It's Me
,October 5 - Reba
,October 5 - Raising Dad
,October 6 - Mutant X
,October 6 - Sk8
,"October 14 - Men, Women & Dogs"
,October 14 - Off Centre
,October 15 - Tracker
,October 16 - Smallville
,October 17 - Justice League
,October 21 - Discovery Kids Ultimate Guide to the Awesome
,October 22 - Pardon the Interruption
,October 22 - Unscripted with Chris Connelly
,October 25 - Truth or Scare
,November - Anatomy of a Scene
,11/06/24
,November 7 - Beat the Geeks
,November 8 - The Tick
,November 14 - The Bernie Mac Show
,November 23 - The Mind of the Married Man
,December 1 - 30 Minute Meals
,December 2 - Project Greenlight
,December 3 - Smush
,December 28 - Top 20 Countdown
,- Just Cause
,January 1 - You Lie Like a Dog
,January 9 - Malcolm in the Middle
,January 16 - City of Angels
,January 17 - Cleopatra 2525
,January 22 - Jack of All Trades
,January 23 - Hollywood Showdown
,February 5 - The Others
,February 8 - The Lyricist Lounge Show
,February 26 - The Weekenders
,March 3 - Passion Cove
,March 7 - Secret Agent Man
,March 11 - Caitlin's Way
,March 13 - Son of the Beach
,March 16 - The New Movie Show with Chris Gore
,March 20 - Titus
,March 21 - The Beat
,March 23 - Daddio
,March 24 - Making the Band
,March 31 - Call of the Wild
,April 12 - Jackass
,April 18- Yu-Gi-Oh!
,May 31 - Survivor
,May 31 - Clerks: The Animated Series
,June'6' - Don't Forget Your Toothbrush
,June 9 - The Invisible Man
,June 16 - Totally Circus
,June 17 - Even Stevens
,June 18 - Strip Mall
,June 26 - Resurrection Blvd.
,June 28 - Soul Food
,July 5 - Big Brother
,July 17 - Opposite Sex
,July 12 - Young Americans
,July 23 - The Brothers García
,"July 23 - Manhattan, AZ"
,July 23 - Strong Medicine
,July 23 - The War Next Door
,July 24 - Mysterious Ways
,July 26 - The Huntress
,July 28 - Baby Blues
,August 2 - American High
,August 9 - Live Through This
,August 14- Dora the Explorer
,August 15 - Bull
,August 15 - 2ge+her
,August 26 - Generation O!
,August 26 - In a Heartbeat
,September - Project Greenlight
,September - Sucker Free
,September 9 - Kong: The Animated Series
,September 9 - Teacher's Pet
,September 11 - 106 & Park
,September 11 - Girlfriends
,September 12 - MTV Cribs
,September 22 - Grosse Pointe
,September 23 - G String Divas
,September 23 - Just Deal
,September 23 - Static Shock
,September 30 - MTV's Fear
,October 1 - That's Life
,October 2 - Andromeda
,October 2 - Deadline
,October 2 - History IQ
,October 2 - Moral Court
,October 2 - Street Smarts
,October 2 - Tucker
,"October 2 - Yes, Dear"
,October 3 - Dark Angel
,October 4 - Titans
,October 5 - Gilmore Girls
,October 6 - CSI: Crime Scene Investigation
,October 6 - FreakyLinks
,October 6 - Madigan Men
,October 6 - The Trouble With Normal
,October 7 - The District
,October 7 - Maximum Exposure
,October 7 - Noah Knows Best
,October 8 - Ed
,October 8 - Hype
,October 8 - Nikki
,October 10 - The Geena Davis Show
,October 10 - Gideon's Crossing
,October 11 - A Makeover Story
,October 11 - Bette
,October 11 - Welcome to New York
,October 14 - Buzz Lightyear of Star Command
,October 15 - Curb Your Enthusiasm
,October 23 - Boston Public
,October 23 - Scariest Places on Earth
,October 24 - The Michael Richards Show
,October 25 - As Told by Ginger
,October 27 - Level 9
,"November 1 - Normal, Ohio"
,November 1 - The $treet
,November 4 - Sheep in the Big City
,December 3 - Queer as Folk
,November 14 - DAG
,December 4 - DJ Games
,December 8 - Dot Comedy
,December 21 - The Brak Show
,December 21 - Sealab 2021
,December 30 - Aqua Teen Hunger Force
,"December 30 - Harvey Birdman, Attorney at Law"
,- Maximum Exposure
,- I Dare You: The Ultimate Challenge
,- Full Frontal Fashion
,- A Makeover Story
,- Diary
,January 1 - Cold Case Files
,"January 4 - Ed, Edd n Eddy"
,January 8 - Providence
,January 10 - Batman Beyond
,January 10 - The Sopranos
,January 10 - The PJs
,January 13 - 60 Minutes II
,January 15 - RollerJam
,January 16 - The Cat&Birdy Warneroonie PinkyBrainy Big Cartoonie Show
,"January 17 - Zoe, Duncan, Jack and Jane"
,January 18 - So Weird
,January 21 - Turks
,January 31 - Family Guy
,February 17 - The Planet's Funniest Animals
,February 25 - Shocking Behavior: Caught on Tape
,March 8 - Strange World
,March 15 - L.A. Heat
,March 19 - Farscape
,March 24 - Tenacious D
,"March 24 - It's Like, You Know..."
,March 28 - Futurama
,March 30 - The Late Late Show with Craig Kilborn
,March 31 - Big Thinkers
,April 7 - Strangers with Candy
,April 11 - The Awful Truth
,April 26 - Home Movies
,May 1 - Mickey Mouse Works
,May 1 - SpongeBob SquarePants
,May 31 - VS.
,June 5 - The X Show
,June 9 - Crusade
,June 16 - The Man Show
,June 19 - Beggars and Choosers
,July 4 - The Hoop Life
,July 5 - Passions
,July 11 - Making the Video
,July 11 - Movie Stars
,July 15 - World's Most Amazing Videos
,July 18 - G vs E
,July 26 - Undressed
,August 1 - Grown Ups
,August 3 - Downtown
,August 9 - Independent Lens
,August 14 - Digimon: Digital Monsters
,August 16 - Rocket Power
,August 16 - Who Wants to Be a Millionaire
,August 17 - City Confidential
,August 19 - The Lot
,August 26 - WWF SmackDown!
,August 27 - ECW on TNN
,August 30 - The Parkers
,August 30 - Sonic Underground
,September 4 - WWF Jakked
,September 7 - Early Today
,September 8 - Get Real
,September 11 - Detention
,September 11 - Sabrina: The Animated Series
,September 12 - Redwall
,September 16 - Action
,September 18 - Sherlock Holmes in the 22nd Century
,September 19 - Judging Amy
,September 20 - Blind Date
,September 20 - Cita's World
,September 20 - Family Law
,September 20 - Ladies Man
,September 20 - Law & Order: Special Victims Unit
,September 20 - Safe Harbor
,September 21 - The Mike O'Malley Show
,September 21 - Once and Again
,"September 22 - Oh, Grow Up"
,September 22 - The West Wing
,September 23 - Stark Raving Mad
,September 23 - Third Watch
,September 24 - Cold Feet
,September 24 - The Jersey
,September 24 - Now and Again
,September 24 - Mission Hill
,September 24 - Odd Man Out
,September 25 - Freaks and Geeks
,September 26 - Jack & Jill
,September 26 - Snoops
,September 29 - Popular
,September 29 - Work with Me
,September 30 - Shasta McNasty
,October 1 - BeastMaster
,October 2 - Archie's Weird Mysteries
,October 5 - Angel
,October 6 - Roswell
,October 8 - Harsh Realm
,October 8 - Love & Money
,October 9 - Angela Anaconda
,October 12 - Mike and Mike in the Morning
,October 12 - The Strip
,October 15 - Ryan Caulfield: Year One
,October 16 - 100 Deeds for Eddie McDowd
,October 18 - Farmclub
,October 25 - Time of Your Life
,October 30 - The Avengers: United They Stand
,November 2 - The Early Show
,November 4 - Greed
,November 12 - Courage the Cowardly Dog
,November 20 - NASCAR Racers
,- Beat Suite
,anuary 8 - WCW Thunder
,January 9 - Kids Say the Darndest Things
,January 15 - Prey
,January 20 - Dawson's Creek
,January 30 - Jep!
,February 2 - Three
,"February 7 - Eerie, Indiana: The Other Dimension"
,February 28 - Bug Juice
,March 17 - For Your Love
,March 17 - LateLine
,March 31 - True Life
,April 9 - Mysteries and Scandals
,May 11 - Call for Help
,May 11 - Fresh Gear
,May 11 - Internet Tonight
,May 11 - The Screen Savers
,May 14 - Celebrity Deathmatch
,June - Forgive or Forget
,June 6 - Sex and the City
,June 8 - Invasion America
,July 4 - X-Play
,July 19 - The Net
,July 19 - Oh Yeah! Cartoons
,August 1 - WWF Heat
,August 1 - Emergency Vets
,August 1 - Rude Awakening
,August 5 - Whose Line Is It Anyway?
,August 15 - Donkey Kong Country
,August 17 - Welcome to Paradox
,August 18 - Any Day Now
,August 18 - Maggie
,August 19 - Upright Citizens Brigade
,August 23 - That '70s Show
,August 26 - Oh Baby
,August 31 - Hercules
,September 7 - The Mystic Knights of Tir Na Nog
,September 8 - Pokémon
,September 9 - First Wave
,September 11 - Living in Captivity
,September 12 - Godzilla: The Series
,September 12 - One World
,September 12 - Young Hercules
,September 13 - The Army Show
,September 14 - Histeria!
,September 15 - Costello
,September 16 - Mad Jack the Pirate
,September 21 - The King of Queens
,September 21 - Hyperion Bay
,September 21 - L.A. Doctors
,September 21 - Will & Grace
,September 22 - Encore! Encore!
,September 22 - The Hughleys
,September 22 - Sports Night
,September 24 - Jesse
,September 25 - Brother's Keeper
,September 25 - Buddy Faro
,September 25 - Two of a Kind
,September 26 - Cupid
,September 26 - Martial Law
,September 26 - V.I.P.
,September 29 - Felicity
,September 29 - Vengeance Unlimited
,September 30 - Maggie Winters
,September 30 - The Secret Lives of Men
,September 30 - To Have & to Hold
,October 5 - CatDog
,October 5 - DiResta
,October 5 - Guys Like Us
,October 5 - Inquizition
,October 5 - The Secret Diary of Desmond Pfeiffer
,October 6 - Mercy Point
,October 7 - Charmed
,October 7 - Seven Days
,October 9 - Legacy
,October 10 - Brats of the Lost Nebula
,"October 11 - Malibu, CA"
,October 17 - Wind on Water
,October 23 - Brimstone
,October 25 - The Famous Jett Jackson
,November 2 - Becker
,November 18 - The Powerpuff Girls
,December 1 - Comedy Central Presents
,December 26 - Rolie Polie Olie
,- A Baby Story
,January 1 - Cooking Live
,January 4 - WWF Shotgun Saturday Night
,January 6 - Sunset Beach
,January 9 - Orleans
,January 12 - King of the Hill
,January 13 - La Femme Nikita
,January 14 - Henry's Amazing Animals
,February 7 - The Chris Rock Show
,March 3 - Daria
,March 4 - The Practice
,March 4 - Just Shoot Me!
,March 10 - Buffy the Vampire Slayer
,March 17 - Trivia Track
,March 18 - Social Studies
,April 1 - Viva Variety
,April 2 - Smart Guy
,April 9 - Pacific Palisades
,April 10 - Fired Up
,April 15 - Soul Man
,April 19 - The Angry Beavers
,April 19 - Nightmare Ned
,May 16 - Spawn
,June 1 - Port Charles
,June 7 - Perversions of Science
,July 7 - Figure It Out
,July 7 - Johnny Bravo
,July 11 - Spicy City
,July 12 - Oz
,July 13 - Apartment 2F
,July 14 - Roar
,July 14 - Sifl and Olly
,July 15 - Cow and Chicken
,July 27 - Stargate SG-1
,July 27 - Cartoon Sushi
,July 28 - Win Ben Stein's Money
,July 29 - I Am Weasel
,August 4 - USA High
,August 11 - The View
,August 13 - South Park
,August 25 - Good News
,August 26 - Head Over Heels
,August 26 - Hitz
,September 1 - Pensacola: Wings of Gold
,September 1 - Extreme Ghostbusters
,September 1 - 101 Dalmatians: The Series
,September 6 - City Guys
,September 7 - Alright Already
,September 7 - The Tom Show
,September 8 - Ally McBeal
,September 8 - Mr. Men Show
,September 10 - Austin Stories
,September 11 - 413 Hope St.
,September 11 - Between Brothers
,September 13 - The New Batman/Superman Adventures
,September 13 - Pepper Ann
,September 13 - Recess
,September 13 - The Weird Al Show
,September 15 - Breaker High
,September 15 - George & Leo
,September 15 - The Gregory Hines Show
,September 15 - Michael Hayes
,September 15 - Talkshow with Spike Feresten
,September 18 - Cracker
,September 18 - Nothing Sacred
,September 19 - The Visitor
,September 19 - Meego
,September 22 - Brooklyn South
,September 22 - Timecop
,September 23 - Dharma & Greg
,September 23 - Dellaventura
,September 23 - Hiller and Diller
,September 25 - Veronica's Closet
,September 25 - Union Square
,September 26 - Teen Angel
,September 26 - You Wish
,September 27 - C-16: FBI
,"September 27 - Honey, I Shrunk the Kids: The TV Show"
,September 27 - Total Security
,September 28 - Jenny
,September 30 - Dangerous Minds
,October 1 - Ned's Newt
,October 4 - The Adventures of Sam & Max: Freelance Police
,October 8 - Working
,October 11 - Men in Black: The Series
,October 17 - 12 Angry Viewers
,October 17 - Players
,October 17 - Pulp Comics
,October 20 - Bear in the Big Blue House
,October 25 - Channel Umptee-3
,November 1 - Sleepwalkers
,November 29 - Premium Blend
,January 1 - Fox News Sunday
,January 9 - 3rd Rock from the Sun
,January 21 - Savannah
,January 23 - Moesha
,January 24 - Tracey Takes On...
,January 31 - Remember WENN
,February 1 - Second Noah
,February 24 - The Spooktacular New Adventures of Casper
,March 1 - Hypernauts
,March 2 - Pacific Blue
,March 8 - Muppets Tonight
,March 12 - The Dana Carvey Show
,March 13 - Swift Justice
,March 20 - The Sentinel
,March 21 - Boston Common
,March 29 - Nash Bridges
,April 1 - The Home and Family Show
,April 2 - Kindred: The Embraced
,April 8 - Profit
,April 21 - Poltergeist: The Legacy
,April 28 - Dexter's Laboratory
,April 28 - What-A-Cartoon! Show
,April - Boxing After Dark
,June 3 - Debt
,June 10 - Caryl & Marilyn: Real Friends
,June 10 - The Rosie O'Donnell Show
,July 22 - The Daily Show
,August 10 - Arliss
,August 25 - The Steve Harvey Show
,August 26 - 7th Heaven
,August 26 - Goode Behavior
,August 26 - Malcolm & Eddie
,August 26 - Sparks
,August 27 - Homeboys in Outer Space
,August 28 - The Jamie Foxx Show
,August 28 - Nick Freno: Licensed Teacher
,August 31 - Women: Stories of Passion
,September 1 - Big Deal
,September 1 - Hannity & Colmes
,September 2 - Arthur
,September 2 - Quack Pack
,September 2 - Road Rovers
,September 3 - The Burning Zone
,September 6 - Superman: The Animated Series
,September 7 - Big Bad Beetleborgs
,September 8 - Bureau of Alien Detectors
,September 8 - Life with Roger
,September 9 - Access Hollywood
,September 9 - Blue's Clues
,September 9 - Lush Life
,September 9 - Real TV
,September 9 - Party Girl
,September 13 - Everybody Loves Raymond
,September 14 - Bailey Kipper's P.O.V.
,September 14 - Project G.e.e.K.e.R.
,September 14 - Secrets of the Cryptkeeper's Haunted House
,September 16 - Judge Judy
,September 16 - Pearl
,September 16 - Planet Groove
,September 17 - Spin City
,September 17 - Life's Work
,September 17 - Something So Right
,September 17 - Promised Land
,September 18 - Men Behaving Badly
,September 18 - Townies
,September 19 - Molony
,September 19 - The Pretender
,September 20 - Clueless
,September 20 - Mr. & Mrs. Smith
,September 21 - Dark Skies
,September 21 - Mortal Kombat: Defenders of the Realm
,September 23 - Mr. Rhodes
,September 24 - Relativity
,September 25 - Pulp Comics
,"September 27 - Sabrina, the Teenage Witch"
,September 28 - Common Law
,September 28 - Early Edition
,September 28 - Love and Marriage
,September 30 - Shopping Spree
,September 30 - Wait 'Til You Have Kids
,September 30 - A Wedding Story
,October 5 - Jungle Cubs
,October 7 - Hey Arnold!
,October 7 - The O'Reilly Factor
,October 13 - The Wubbulous World of Dr. Seuss
,October 19 - Waynehead
,October 21 - Ink
,October 25 - Millennium
,October 27 - EZ Streets
,October 30 - Public Morals
,- WWF LiveWire
,January 1 - Modern Marvels
,January 2 - Cybill
,January 3 - Intimate Portrait
,January 4 - Women of the House
,January 11 - The Wayans Bros.
,January 11 - Unhappily Ever After
,January 14 - Fudge
,January 16 - Hercules: The Legendary Journeys
,January 16 - Star Trek: Voyager
,January 17 - Marker
,January 17 - The Watcher
,January 18 - The Parent 'Hood
,January 23 - Pig Sty
,January 23 - Platypus Man
,January 31 - The Marshal
,February 6 - WCW Prime
,February 20 - The Cartoon Cartoon Show
,March 9 - Hope and Gloria
,March 21 - NewsRadio
,March 22 - Sliders
,April 2 - Real Sports with Bryant Gumbel
,April 8 - The Maxx
,April 10 - In the House
,April 18 - Legend
,"May 28 - Dr. Katz, Professional Therapist"
,June 5 - Singled Out
,July 8 - The Rudy and Gogo World Famous Cartoon Show
,August 12 - The Mask: Animated Series
,August 23 - Kirk
,August 28 - Nowhere Man
,August 29 - Live Shot
,August 31 - The Crew
,September 1 - JAG
,September 1 - Timon & Pumbaa
,September 4 - Xena: Warrior Princess
,September 4 - WCW Monday Nitro
,September 5 - Deadly Games
,September 9 - Cleghorne!
,September 9 - Freakazoid!
,September 9 - Hang Time
,September 9 - Klutter!
,September 9 - The Preston Episodes
,September 9 - The Sylvester & Tweety Mysteries
,September 10 - First Time Out
,September 10 - Simon
,September 11 - Ned & Stacey
,September 11 - Partners
,September 12 - The Monroes
,September 13 - Bless This House
,September 13 - Central Park West
,September 13 - Courthouse
,September 13 - The Drew Carey Show
,September 13 - The Naked Truth
,September 14 - Charlie Grace
,September 14 - Kirk
,September 15 - Maybe This Time
,September 15 - Strange Luck
,September 16 - Brotherly Love
,September 16 - The Jeff Foxworthy Show
,September 16 - Masked Rider
,September 16 - Timon & Pumbaa
,September 16 - The Twisted Tales of Felix the Cat
,September 17 - Almost Perfect
,September 18 - Can't Hurry Love
,September 19 - Hudson Street
,September 19 - Murder One
,September 19 - The Pursuit of Happiness
,September 21 - Caroline in the City
,September 21 - The Single Guy
,September 22 - American Gothic
,September 22 - Dweebs
,September 24 - Space: Above and Beyond
,September 28 - New York News
,September 30 - The Home Court
,October 1 - Misery Loves Company
,October 1 - Pinky and the Brain
,October 1 - Too Something
,October 14 - The Adventures of Hyperman
,October 14 - MADtv
,October 30 - High Society
,November 3 - Mr. Show
,November 13 - The City
,December 9 - Ace Ventura: Pet Detective
,- Exit 57
,- Dinner and a Movie
,- Santa Bugito
,anuary 6 - Turning Point
,January 7 - Ancient Mysteries
,January 16 - The Puzzle Place
,January 16 - The George Carlin Show
,January 17 - Leeza
,January 24 - The Critic
,January 31 - The Cosby Mysteries
,February 5 - Where on Earth Is Carmen Sandiego?
,March 5 - Conan and the Young Warriors
,March 5 - Duckman
,March 9 - Thunder Alley
,March 29 - Ellen
,"April 1 - Sister, Sister"
,April 5 - South Central
,April 15 - Space Ghost Coast to Coast
,April 16 - All That
,April 22 - Dennis Miller Live
,June 15 - Dead at 21
,June 27 - Free 4 All
,June 29 - Models Inc.
,July 12 - Allegra's Window
,August 14 - Inside the Actors Studio
,August 15 - The Brothers Grunt
,August 25 - My So-Called Life
,August 26 - M.A.N.T.I.S.
,September - The Tom Green Show
,September 1 - The Head
,September 1 - Street Sharks
,September 3 - VR Troopers
,September 4 - Fortune Hunter
,September 4 - NFL on Fox
,September 4 - Wild Oats
,September 5 - Extra
,September 8 - New York Undercover
,September 10 - Bump in the Night
,September 11 - The Boys Are Back
,September 11 - The Magic School Bus
,September 12 - Blue Skies
,September 12 - Party of Five
,September 13 - On Our Own
,September 14 - All-American-Girl
,September 15 - Due South
,September 17 - Beethoven
,September 17 - Gladiators 2000
,September 18 - Chicago Hope
,September 19 - ER
,September 20 - Dave's World
,September 20 - Me and the Boys
,September 21 - Daddy's Girls
,September 21 - Touched by an Angel
,September 22 - Friends
,September 22 - Madman of the People
,September 24 - The 5 Mrs. Buchanans
,September 24 - Free Willy
,October 1 - Wild C.A.T.s
,October 3 - Tattooed Teenage Alien Fighters from Beverly Hills
,October 22 - Silver Surfer
,October 24 - Gargoyles
,October 29 - Aaahh!!! Real Monsters
,November 5 - Earth 2
,November 19 - Spider-Man
,December 1 - Prime Games
,December 18 - Life with Louie
,- WWF Action Zone
,- Understanding
,- The State
,"January 1 - Dr. Quinn, Medicine Woman"
,January 3 - Star Trek: Deep Space Nine
,January 11 - WWF Monday Night Raw
,January 19 - Class of '96
,January 31 - Homicide: Life on the Street
,February 22 - Babylon 5
,March 5 - Getting By
,March 5 - Where I Live
,March 7 - Day One
,March 8 - Beavis and Butt-head
,April 5 - ECW Hardcore TV
,"April 21 - Walker, Texas Ranger"
,May 22 - Saved by the Bell: The College Years
,June 23 - Family Dog
,June 26 - Front Page
,July 12 - Brains & Brawn
,July 25 - Politically Incorrect
,August 9 - Big Wave Dave's
,August 22 - Living Single
,August 25 - The Trouble with Larry
,August 26 - Angel Falls
,"August 27 - The Adventures of Brisco County, Jr."
,August 28 - Power Rangers
,August 30 - Missing Persons
,September 1 - Late Night with Conan O'Brien
,September 1 - Adventures of Sonic the Hedgehog
,September 1 - Biker Mice from Mars
,September 2 - The John Larroquette Show
,September 3 - Thea
,September 4 - Bonkers
,September 5 - 2 Stupid Dogs
,September 7 - The Second Half
,September 10 - The X-Files
,September 10 - Bill Nye the Science Guy
,September 11 - Legends of the Hidden Temple
,September 11 - Saved by the Bell: The New Class
,September 11 - Running the Halls
,September 11 - SWAT Kats: The Radical Squadron
,September 12 - Baby Races
,September 12 - Lois & Clark: The New Adventures of Superman
,September 12 - seaQuest DSV
,September 12 - Townsend Television
,September 13 - Animaniacs
,September 13 - Ricki Lake
,September 14 - Bakersfield P.D.
,September 14 - Phenom
,September 15 - Moon Over Miami
,September 16 - Frasier
,September 16 - The Sinbad Show
,September 18 - Sonic SatAM
,September 18 - Rocko's Modern Life
,September 18 - Beakman's World
,September 18 - Café Americain
,September 18 - CityKids
,September 18 - Cro
,September 18 - The Mommies
,September 18 - Tales from the Cryptkeeper
,September 19 - It Had to Be You
,September 21 - NYPD Blue
,September 24 - Boy Meets World
,September 24 - Family Album
,September 25 - Harts of the West
,September 29 - Grace Under Fire
,September 29 - Joe's Life
,September 29 - Dino Babies
,October 1 - Against the Grain
,October 25 - The Jon Stewart Show
,October 27 - South of Sunset
,October 29 - Diagnosis: Murder
,October 30 - The Paula Poundstone Show
,November 3 - The Nanny
,November 20 - The Terrible Thunderlizards
,December 5 - The Moxy Show
,- WWF Mania
,- Real Stories of the Highway Patrol
,- Mr. Bogus
,- Intimate Portrait
,- America Undercover
,January 4 - Nick Arcade
,January 31 - Billy
,January 31 - Capitol Critters
,February 28 - Fish Police
,March 1 - Dateline NBC
,March 4 - The Young Indiana Jones Chronicles
,April 6 - Barney & Friends
,April 17 - Sightings
,May 21 - The Real World
,May 25 - The Tonight Show with Jay Leno
,May 30 - Julie
,May 30 - Vinnie & Bobby
,June 15 - Grapevine
,June 21 - Down the Shore
,June 24 - Raven
,June 27 - Red Shoe Diaries
,July 1 - Def Comedy Jam
,July 8 - Melrose Place
,August 15 - The Larry Sanders Show
,August 15 - Roundhouse
,August 15 - Are You Afraid of the Dark?
,August 17 - Secret Service
,August 18 - Arresting Behavior
,August 27 - Martin
,August 27 - The Heights
,September 1 - World News Now
,September 5 - Batman: The Animated Series
,September 7 - Goof Troop
,September 7 - Screen Scene
,September 12 - Beakman's World
,September 12 - California Dreams
,September 12 - Eek! The Cat
,September 12 - Name Your Adventure
,September 13 - Flying Blind
,September 13 - Frannie's Turn
,September 13 - Likely Suspects
,September 14 - ComicView
,September 14 - Crossroads
,September 14 - Hearts Afire
,September 15 - American Justice
,September 15 - Angel Street
,September 15 - Delta
,September 16 - The Hat Squad
,September 18 - Bob
,September 18 - Camp Wilder
,September 18 - Final Appeal: From the Files of Unsolved Mysteries
,September 18 - The Golden Palace
,September 18 - Picket Fences
,September 18 - The Round Table
,September 19 - The Edge
,September 19 - Nickelodeon Guts
,September 19 - Out All Night
,September 21 - Love & War
,September 22 - Hangin' with Mr. Cooper
,September 23 - Mad About You
,September 24 - Rhythm & Blues
,September 25 - What Happened?
,September 27 - The Ben Stiller Show
,September 27 - Woops!
,September 30 - Laurie Hill
,October 4 - Ghostwriter
,October 4 - Great Scott
,October 5 - Born Lucky
,December 1 - The Jackie Thomas Show
,- Name Your Adventure
,- FTL Newsfeed
,- Jack Hanna's Animal Adventures
,- Dial MTV
,"- You Wrote It, You Watch It"
,January 3 - Blossom
,January 7 - Talk Soup
,February 25 - The Pirates of Dark Water
,March 18 - Get the Picture
,March 23 - Clarissa Explains It All
,April 5 - Dark Justice
,April 14 - Top of the Heap
,April 20 - Dinosaurs
,April 20 - Swamp Thing
,April 28 - The Sunday Comics
,May 11 - Sisters
,June 2 - Liquid Television
,July 8 - Shop 'til You Drop
,"July 19 - Hi Honey, I'm Home!"
,August 11 - Doug
,August 11 - Rugrats
,August 11 - The Ren & Stimpy Show
,August 17 - Best of the Worst
,August 24 - Roc
,August 31 - What Would You Do?
,September - Jenny Jones
,September 1 - Taz-Mania
,September 7 - Little Shop
,September 8 - Darkwing Duck
,September 8 - Herman's Head
,September 9 - The Adventures of Mark & Brian
,September 9 - Maury
,September 14 - Back to the Future: The Animated Series
,September 14 - Hammerman
,September 14 - Nurses
,September 14 - ProStars
,September 14 - Space Cats
,September 14 - Super Mario World
,September 14 - Where's Waldo
,September 14 - Wish Kid starring Macaulay Culkin
,September 14 - Yo Yogi!
,"September 15 - Eerie, Indiana"
,September 15 - Man of the People
,September 15 - Pacific Station
,September 15 - P.S. I Luv U
,September 16 - James Bond Jr.
,September 17 - Home Improvement
,September 17 - Flesh 'n' Blood
,September 17 - Sibs
,September 18 - The Royal Family
,September 18 - Teech
,September 19 - Drexell's Class
,September 20 - Brooklyn Bridge
,September 20 - Step by Step
,September 21 - The Torkelsons
,September 24 - Homefront
,September 26 - FBI: The Untold Stories
,September 26 - Reasonable Doubts
,September 27 - Princesses
,September 28 - The Commish
,September 29 - Street Justice
,September 30 - The Jerry Springer Show
,October 4 - Beyond Reality
,October 7 - I'll Fly Away
,October 17 - Palace Guard
,November 7 - Silk Stalkings
,November 12 - Alan King: Inside the Comedy Mind
,November 28 - American Detective
,- The Statler Brothers Show
,- Breakfast with Arts
,- GamePro TV
,- The Idiot Box
,January 1 - The Baby-Sitters Club
,January 26 - Pirate TV
,February 5 - Rodeo Drive
,February 9 - The Bradys
,February 19 - Nasty Boys
,March 1 - Carol & Company
,March 3 - H.E.L.P.
,March 19 - Baseball Tonight
,March 27 - Equal Justice
,March 30 - Bagdad Cafe
,March 30 - Sugar and Spice
,April 8 - Twin Peaks
,April 12 - Down Home
,April 15 - In Living Color
,April 19 - Wings
,May 1 - Clash!
,May 5 - TaleSpin
,May 31 - Seinfeld
,June 1 - Great Getaway Game
,July 12 - Northern Exposure
,July 18 - Top Cops
,July 27 - Swamp Thing
,July 29 - Tim Conway's Funny America
,August 20 - Hull High
,August 20 - Lifestories
,August 20 - Parenthood
,August 22 - Working It Out
,August 23 - Ferris Bueller
,August 27 - Guys Next Door
,September 1 - Haywire
,September 2 - Parker Lewis Can't Lose
,September 2 - True Colors
,September 7 - DEA
,September 7 - Tom & Jerry Kids
,September 8 - The Adventures of Super Mario Bros. 3
,September 8 - America's Funniest People
,September 8 - American Chronicles
,September 8 - Attack of the Killer Tomatoes: The Animated Series
,September 8 - Bobby's World
,September 8 - The Fanelli Boys
,September 8 - Gravedale High
,September 8 - Little Rosey
,September 8 - Peter Pan and the Pirates
,September 8 - Piggsburg Pigs!
,September 8 - The Wizard of Oz
,September 10 - The Fresh Prince of Bel-Air
,September 10 - Lenny
,September 10 - My Talk Show
,September 10 - Uncle Buck
,September 11 - The Family Man
,September 11 - The Little Mermaid
,September 12 - Fievel's American Tails
,September 12 - Gabriel's Fire
,September 12 - Raw Toonage
,September 12 - Wild West C.O.W.-Boys of Moo Mesa
,September 13 - American Dreams
,September 13 - Babes
,September 13 - Law & Order
,September 15 - Bill & Ted's Excellent Adventures
,September 15 - Captain Planet and the Planeteers
,September 16 - E.A.R.T.H. Force
,September 17 - The Trials of Rosie O'Neill
,September 18 - Married People
,September 20 - The Flash
,September 21 - Going Places
,September 21 - Evening Shade
,September 23 - Dream On
,September 23 - Get a Life
,September 26 - Cop Rock
,September 30 - Good Grief
,"October 4 - Beverly Hills, 90210"
,October 15 - Screen Scene
,October 24 - WIOU
,October 26 - Over My Dead Body
,October 27 - NBA Inside Stuff
,November 3 - NBA on NBC
,- Afterdrive
,- Clash!
