,id,title
0,tt6954652,Jack Taylor
1,tt1718437,Love &amp; Hip Hop
2,tt1728860,Eagleheart
3,tt2017931,Monster Fish
4,tt2639756,The World from Above
5,tt1630619,What's Up Warthogs!
6,tt1470942,Aftermath
7,tt1697785,"10,000 Days"
8,tt1540626,Rex Is Not Your Lawyer
9,tt3622998,Epic Meal Time
10,tt1965629,Doña Bella
11,tt1718991,Numbnuts
12,tt2765666,Caught on Camera
13,tt3060216,The Minimalist
14,tt7038514,Glove and Boots
15,tt2122140,The Lottery Changed My Life
16,tt6974852,Jack Taylor
17,tt1642287,2 Girls 1 Cop
18,tt1675275,Backline
19,tt1786081,Mister French Taste
20,tt1684795,MegaDrive
21,tt1587392,Funny in Farsi
22,tt1830162,No Clean Break
23,tt2023338,BTS: A Web Series
24,tt2292388,Crime Inc
25,tt1842177,Spy Wars
26,tt1824754,TV Guide Letter Theater
27,tt1813857,Buccaneers and Bones
28,tt1259989,Twentysixmiles
29,tt6953668,Epic Drives
30,tt1889650,Spunky Airlines
31,tt2382449,Indy Style
32,tt1756921,Almost Vixens
33,tt1582462,Thintervention with Jackie Warner
34,tt1807575,Swift Justice with Nancy Grace
35,tt6954454,Chiro
36,tt1713930,What's in the Bible?
37,tt1539466,The Resolve
38,tt4372808,That's What She Said!
39,tt6963824,Phenom
40,tt2733504,Barefoot Contessa: Back to Basics
41,tt2445552,Bollywood to Hollywood
42,tt1785024,Life in the Carolinas
43,tt6959614,"Disney Animation Collection: Vol. 4, The Tortoise and the Hare"
44,tt6823958,Football Fanatics
45,tt1973376,History's Secrets
46,tt3672564,War Inc.
47,tt1672066,Yesterday Was a Lie
48,tt2202713,Animal Cops: Miami
49,tt1673543,Hot on the Trail
50,tt2798342,Big Cat Week Collection
51,tt1835205,Golf Channel's Top 10
52,tt2047146,Mississippi Fight Night
53,tt1919824,Head to Head: Wayne County vs. West Jones
54,tt3021452,Ancient Aliens: The Mission
55,tt3527750,Living in the Heart of Virginia
56,tt7050742,The Long Shot
57,tt5572866,BCSN Broadcasts
58,tt2119728,Fox 4 Morning Blend
59,tt1806630,The Breaking into Hollywood Show
60,tt5835424,Courage Network
61,tt6146142,One on One with Becky Magura
62,tt6950428,Ruby's Studio
63,tt1743988,Bad Sides
64,tt2085376,Lo que te pica
65,tt5984614,Uncle John TV
66,tt1575088,Good Morning Rabbit
67,tt2725986,Charlotte Today
68,tt1657753,Police Women of Memphis
69,tt1799151,Ingenious Minds
70,tt1733909,Lip 'Em &amp; Rip 'Em
71,tt6666386,30 Rock: Donaghy Uncovered
72,tt2008047,Bass 2 Billfish
73,tt1692281,Blood Sucker Punch
74,tt6521120,The Nick Izumi Show
75,tt7150214,GameStop TV
76,tt6045142,Dr. Pimple Popper
77,tt2719496,Southern Fried Fitness
78,tt6881818,Phobias
79,tt5100030,Expedition Blue Planet
80,tt1794248,"Midnight Madness: The History of Horror, Sci-Fi &amp; Fantasy Films"
81,tt2048641,Top Rank Live
82,tt3529880,Keepin' the Peace
83,tt2167645,Young Catholic Minute
84,tt1871910,Virgin Galactic
85,tt1642054,Escape to the Wild
86,tt1786087,NFL Live
87,tt6489514,Just Visiting TV
88,tt6947004,Greek Myths True Stories
89,tt6953618,Cardio Striptease Step Guide
90,tt2360849,The Morning Blend
91,tt2362263,Las Vegas Morning Blend
92,tt2237124,First Look
93,tt6102096,Far Out
94,tt5049904,Director's Cut
95,tt3487132,Warrior Showdown
96,tt3845124,Track Rats
97,tt1877134,POP: Puppets of Porn
98,tt1825999,The Later Show
99,tt6979202,Polar Bear: Spy on the Ice
100,tt1690343,The Package
101,tt4588740,Right TV
102,tt3162000,Just the Tip: With Regina
103,tt2192101,Citizen Active
104,tt6958750,UFC Main Event
105,tt6104670,The Fight Fix
106,tt1226840,Paul Cruz: Latin Actor (A Mockuseries)
107,tt5662402,House Blend
108,tt1747218,Krog
109,tt1827201,Project 420
110,tt1815436,The Fish Fishburne Show
111,tt1556091,Our Little Genius
112,tt6954610,Fireplace for Your Home
113,tt6927716,Wine Channel TV
114,tt6803468,NextTV Change You Can See
115,tt1826571,Winds of the World
116,tt1738051,Munchie the Agent
117,tt1804777,Disney's D23 Armchair Archivist
118,tt6769012,Dynamic Change
119,tt1346051,Hillers
120,tt1887591,Wee-Man's Wrecked
121,tt2787776,Wild
122,tt3997352,Rx for Healthy Lifestyles
123,tt3131252,This Week's Wow!
124,tt2777518,The Sissy Gamache Show
125,tt6761498,Never Kiss a Frog
126,tt1805001,Somewhere in Arizona
127,tt1822387,Show Business with Peter Bart and Peter Guber
128,tt2485116,VEVO's ASK:REPLY
129,tt2382609,New Mexico Style
130,tt1646649,Native Century
131,tt1815263,Spanish Fly
132,tt1799180,Barbie: Fashionistas
133,tt1623188,Ride to Adventure: Extreme
134,tt1746659,America's Best
135,tt2676066,Slam!
136,tt1701178,The Last Hand
137,tt2888472,Garage Kickers
138,tt1815070,Hubworld
139,tt5124112,Pinky Dinky Doo: Pinky's Happy Doo Year
140,tt2719114,Raising House
141,tt1841307,Rick's Martini Bar
142,tt2420000,A 1-UP Kind of Life
143,tt3643900,You've Got to Be Kidding Me America
144,tt1850708,IMDb Original Interview
145,tt3895990,Women Want to Know
146,tt1776009,Untitled David Litt Project
147,tt1815127,"Merry Holidays, Please Hold"
148,tt1848614,The Mix Talk Show
149,tt2354664,Wounded Warrior Project: Warrior Profiles
150,tt4462994,Raw Deal
151,tt4012928,Hollywood Houseboys
152,tt1947581,Solve My Mystery: The Susan Berman Story
153,tt3527834,Tucson Morning Blend
154,tt1866022,Trading Eights
155,tt2045526,Keep Creating
156,tt2125731,Bang for Your Buck 40k Outdoor KitchensMiami
157,tt2719156,Stuffocating
158,tt1621440,Game Chasers
159,tt3060194,Home Made in America
160,tt1845942,Autism Talk TV
161,tt1864515,The Damiana Files
162,tt1629187,Unseen
163,tt1765190,Live in NYC: Dominique Young Unique
164,tt3330756,Secrets of the Ages
165,tt3777536,FX Reboot
166,tt3398030,Under SF
167,tt1815560,Zona's Awesome Fishing Show
168,tt1554876,Mayor for Life
169,tt1814967,Alaska Outdoors Television
170,tt3654490,Kinect Family Video Diaries
171,tt1604098,Guardians of the Power Masks
172,tt2146885,Sideshow
173,tt1733723,Passport &amp; Palette
174,tt2387377,Getting In
175,tt1827684,Double Blind
176,tt5422516,"Check, Please! Arizona"
177,tt2095127,Comedy Brew
178,tt1707813,National Heads-Up Poker Championship
179,tt1809004,Lives of Style
180,tt1987849,Intervention
181,tt1825600,The Rocket
182,tt1756060,The Naked Truth
183,tt5037074,Late Night at the Horror Hotel
184,tt2381352,Hamilton Carver: Zombie P.I.
185,tt4588732,Right Celebrity
186,tt2107577,Vevo: Area Codes
187,tt1927792,Tailgatin'
188,tt1997155,Str8 Laced
189,tt1722283,Stand-Up Showdown
190,tt4560632,No Place Like Home
191,tt1978854,Healthy Makeover Challenge
192,tt1992511,Destination Design
193,tt2780660,The Surf Report
194,tt1887481,Snorfin with Bobby Lee
195,tt5483348,Riggor Mortiss Presents
196,tt5116550,Deadly Space Action!
197,tt1673541,DreamMakers
198,tt4059230,The Art of Fighting MMA
199,tt2360093,Get Connected with Conn Jackson
200,tt2063360,Legacy Fighting Championship
201,tt1884732,Gnome Syndrome
202,tt1807423,Moolah
203,tt3699744,TV Trash
204,tt3218030,Second Act
205,tt1835309,Life's Casualty
206,tt2788482,Inside Temple Football
207,tt2134221,A Better Life with Charles Nieman
208,tt1809588,Grape Escapes
209,tt1843345,Above Santa Barbara
210,tt1807422,Moo News
211,tt3089230,Believers in Grace Fellowship
212,tt1815501,The Saltwater Series
213,tt1735343,Dramatic Roommate
214,tt0303475,James Robison
215,tt2162332,Star Frame Bowling Challenge
216,tt2789562,Inside Temple Basketball
217,tt1765191,Live in NYC: Fake Problems
218,tt2538594,Wounded Warrior Project: Soldier Ride
219,tt3223882,Luxe World with Anolan
220,tt5334384,The Joe Blount Show
221,tt2137993,Ecommando
222,tt1980854,Urlesque
223,tt1928849,Reel Cleveland
224,tt1513023,Ray Johnston Band: Road Stories
225,tt1675273,DirecTV Concert Series
226,tt2293873,Miami Music Television
227,tt1734193,Cooking with Joe Tuna
228,tt1867317,Off Campus
229,tt1765193,Live in NYC: Surfer Blood
230,tt2439178,Matty and Stech Variety Hour
231,tt1631199,Speak Up!
232,tt1830304,Tanya X
233,tt1814003,Foxpro Fast &amp; Furious
234,tt1814589,Wardens
235,tt1814491,Tecomate Whitetail Nation
236,tt1814977,Bass Pro Shops AWA Whitetail Pro Series
237,tt2287059,Soup Show Reviews
238,tt1833395,I Used to Be Fat
239,tt1866182,Las Tundas of the Valley
240,tt1697033,True Justice
241,tt1814602,Young Blood
242,tt1917427,Factory to Field
243,tt1815048,Friends of NRA
244,tt1885617,Dream Weddings
245,tt1826419,Recorded Live
246,tt3678336,Glee Spoofs
247,tt2157665,NBA Sunday Showcase on ABC
248,tt1882497,For a Green Card
249,tt1948952,Quiet Desperation
250,tt5224032,"Graverobbers, Inc"
251,tt2307831,Ryan Kopf World Takeover
252,tt1846309,Six of One
253,tt1863034,The Joey &amp; Elise Show
254,tt1855738,Follow the Money with Eric Bolling (Fox Business News)
255,tt1832844,This Week in Horror
256,tt2960832,Show People with Paul Wontorek
257,tt3606388,Triangulation
258,tt1842699,In Search of Me Cafe
259,tt4588636,Mr. Kate
260,tt1836564,Parkour Brothers
261,tt1595856,Perfect Couples
262,tt1770087,Million Dollar Money Drop
263,tt2181467,Robot Apocalypse: The Early Years
264,tt1854105,The Chronicles of Narnia: Making a Scene
265,tt1982202,As Written: Inside R. Kelly
266,tt3331284,The Stupid Christmas Show
267,tt1853967,Gullivers Travels: Making a Scene
268,tt2055381,Summer of the Ox
269,tt1949098,Which Way
270,tt1804898,Living in the Time of Jesus
271,tt2774260,Iowa Outdoors
272,tt1870695,Blais Off
273,tt1827810,Masters of Innovation
274,tt7120448,Christmas Sweater Collection
275,tt1784130,Old Town Orange County
276,tt2479312,The Mole &amp; Meares Show
277,tt1855924,Third Reich: The Rise &amp; Fall
278,tt1801129,Year of the Quarterback
279,tt1794116,Fashion in Television
280,tt1815182,Night of the Zombie King
281,tt1781633,Suite 7
282,tt1820816,Casual: The Series
283,tt1936634,Phowned
284,tt1793869,When Rome Ruled
285,tt3643804,Morning Prayer with Skott and Behr
286,tt2039750,Happy Hour Sketch Comedy
287,tt4435214,Star Trek: Natures Hunger
288,tt1803502,Pets 101
289,tt3007892,The Haunting of Sunshine Girl
290,tt2010667,Stuck with Hackett
291,tt1797046,Soundcheck
292,tt2398114,Follow the 'Cats
293,tt1799744,Disney Kitchen Jam
294,tt1869016,That Movie Show
295,tt4655808,Washington Journal
296,tt4694720,Scrap Dawgs SLC
297,tt4694604,Hillbilly Brothas
298,tt1960808,Rocky Mountain Gators
299,tt1808720,Airplane Repo
300,tt2262795,Dorkly Originals
301,tt1873915,Inside Room 334
302,tt2003414,Fleischer's Universe
303,tt1775789,Hookers: Saved on the Strip
304,tt1790736,Inception: Motion Comics
305,tt2309197,Gisele &amp; the Green Team
306,tt1684733,Girls Who Like Boys Who Like Boys
307,tt4031218,Death Battle
308,tt1794050,Cake Boss: Next Great Baker
309,tt1794624,The Vice Guide to Everything
310,tt3783598,Behind the Steve
311,tt1705811,The Hasselhoffs
312,tt1776388,Bama Belles
313,tt1796980,Kill Spin
314,tt2401366,As Written
315,tt3190322,Men with No Lives
316,tt1980352,As Written: Chrisette Michele
317,tt2440344,America Loves Carlos
318,tt1781990,Bionic Builders
319,tt2006797,Mutant Planet
320,tt1786826,Get Out Alive
321,tt2090049,Flip the Script Kids Reality Special
322,tt5366300,Simply Pennies: Around the Penny
323,tt1800864,Gold Rush: Alaska
324,tt1887491,Take Two with Phineas and Ferb
325,tt1811180,Playboy's Beach House
326,tt1830312,The After After Party with Steven Michael Quezada
327,tt1833326,Deadly Descent
328,tt4480844,Rappers Review Movies
329,tt5299158,The Third
330,tt5198214,Powerful Testimonies
331,tt1787217,Decoded
332,tt2155853,Imbibe Sips
333,tt1785123,Storage Wars
334,tt1712145,Asylum
335,tt1786096,Once Upon a Time in Brooklyn
336,tt1853461,Wide World of Warcraft
337,tt1804897,Livin' Loud
338,tt2013704,How to Fake It in America
339,tt1790907,30 Days with Charice
340,tt1426931,Life After Lisa
341,tt2906968,Max &amp; Carl's Zombie Adventures
342,tt1786211,Bar Karma
343,tt1714803,Outrageous Food
344,tt2092683,Madison Avery
345,tt3592338,Golden Gates
346,tt2733556,Blauvelt's Backcountry
347,tt1799893,Hellbent
348,tt1780231,Jerk All-Stars
349,tt2733506,The Ride
350,tt2198375,Beckinfield
351,tt1875330,First Coast Living
352,tt1859768,Everything Will Be Fine
353,tt2162013,Foil Me: The Series
354,tt1771386,International Open House
355,tt1770959,Bridalplasty
356,tt1749794,The Ghost Prophecies
357,tt1794677,When Vacations Attack
358,tt1841239,Mumbai Chopra: Misadventures of an It Girl
359,tt1824608,"Oh, Inverted World"
360,tt2578048,Testify
361,tt3896292,Planet Vehicle
362,tt2080591,Dark Tower TV
363,tt1844872,Austin Entertainment Live!
364,tt3018966,Shawn Hayes: Movie Critic
365,tt1641384,Young Justice
366,tt1659175,Transformers Prime
367,tt1743284,The Fran Drescher Show
368,tt6958202,DarkHarvest00
369,tt1813850,Bladework
370,tt1799370,Plum Daily Sun Valley
371,tt2534176,Facing Evil
372,tt1805080,The Shorts Show
373,tt4355606,BTR Hear &amp; There
374,tt2000072,Faulty Premise Life
375,tt1827301,Those Video Guys
376,tt3121390,BTR Pulse
377,tt2105769,Politics &amp; Poker
378,tt1933144,Quinnipiac University Bobcats Unleashed
379,tt2131721,BTR Live Studio
380,tt1760165,Skating with the Stars
381,tt1868741,Kraze
382,tt1790045,Brew Masters
383,tt1789428,Paranormal State: The New Class
384,tt1473632,Jilted
385,tt1820262,The Artist's Process
386,tt1780371,Mirror/Mirror
387,tt2553132,Moondance Jam
388,tt1785128,Taking Care with Joan Lunden
389,tt1934561,Bollywood USA
390,tt5295632,Every Day a Little Seth: The Web Series
391,tt5712232,The Fuze Show
392,tt2095248,Game Genie
393,tt1824606,OUT: Face to Face
394,tt1778996,Homemade Millionaire
395,tt1791419,WIAA High School Football Championships
396,tt2797646,Serious Business on BTR
397,tt1901983,Dick Figures
398,tt1843612,Pawn Queens
399,tt1875280,Every Last Detail TV Weddings
400,tt3750970,Personal Trainwreck
401,tt1827832,Napoleon Bon Appétit
402,tt1684734,Glory Daze
403,tt2011833,Up Up Down Down: The Series
404,tt1932427,United Tastes of America
405,tt1906630,Apocalypse PA
406,tt2931190,The Schwartzy and Pagana Amazing Motion Picture Review Show
407,tt1791030,It's a Lifestyle
408,tt1829965,Ghost Chicks
409,tt1699205,Backwash
410,tt1825215,1 vs. 100
411,tt2287757,Guitar Shop TV
412,tt2125073,Click Click RANK
413,tt1625263,Sarah Palin's Alaska
414,tt1772727,What the Sell?!
415,tt2248057,The Ride: The Road to the U.S. Army All-American Bowl
416,tt2087559,Two Naked Men Making a Sandwich
417,tt5521798,Ladies &amp; Gentlemen
418,tt5834882,AFK Show
419,tt5923198,Mid Ohio Rock Show
420,tt2337504,AGG Toons
421,tt3756436,Anthony and Son
422,tt3953026,The Fat Power Ranger
423,tt1859158,Medical Anomalies
424,tt2090264,Real Green
425,tt4559956,TEDxSanDiego
426,tt1742340,Auction Hunters
427,tt1735363,First Ascent
428,tt4986876,Switch Web Series
429,tt7116018,Shady Texas
430,tt1637574,Conan
431,tt7252212,Sheldon &amp; Mr. Randoms
432,tt1742447,Fun to Grow On
433,tt6727756,The Ki Anime Report
434,tt1661326,Shake It Up!
435,tt1884755,In Between Men
436,tt1837290,Married to Rock
437,tt1765746,Cartel
438,tt1421306,The Genesis Files
439,tt2561186,From the Kitchens Of...
440,tt5339060,Gianni's North Beach
441,tt1730275,NHRA Unleashed
442,tt1713151,Downsized
443,tt2995946,Kelsey's Essentials
444,tt1745872,Naughty But Nice with Rob Shuter
445,tt1769740,Footnote
446,tt1781371,Mad Genius
447,tt1770212,Rated A for Adult
448,tt1752127,The Benson Interruption
449,tt1773956,Dora's Pegasus Adventure
450,tt2200778,Cops &amp; Coyotes
451,tt1870946,Oddities
452,tt1826909,The Morning After
453,tt1693445,Next Stop for Charlie
454,tt1791357,The Gentlemen's League
455,tt6305966,Key West Time
456,tt2048327,Itty P and DJ Model T's Dat's a RAP!
457,tt1882986,The Battle
458,tt2211862,The 44th Annual CMA Awards Artist Countdown
459,tt1707393,The Will: Family Secrets Revealed
460,tt1770067,Master of the Mix
461,tt1752550,The Mentor
462,tt1980811,The Steve Harvey Project
463,tt2076566,Mysteries at the Museum
464,tt1757399,Running Russell Simmons
465,tt2348790,Carmen 1.0
466,tt1868555,Hellsing Ultimate Abridged
467,tt1621755,Wild Justice
468,tt1839328,The Newlywed Game
469,tt1691307,Mario Lopez: Saved by the Baby
470,tt1504318,Freckle and Bean
471,tt1980020,You've Got...
472,tt2296467,Trailer Made
473,tt1979720,Gotta Grudge?
474,tt2075187,Ghost Stories
475,tt2287249,This Week in Walking Dead
476,tt5995906,Ask a Mountain Man
477,tt1913787,Neighborhood Watch
478,tt1708857,Operation Infrastructure
479,tt1749187,Dance Central
480,tt1982398,M Countdown Remix
481,tt2077745,Fooblik News Network
482,tt1520211,The Walking Dead
483,tt6951598,Thorne: Sleepyhead
484,tt1764401,Jason Nash Is Married
485,tt1871121,The End.
486,tt1790063,Cyphers
487,tt1597029,Diary of Death
488,tt1890613,About Abby
489,tt2034431,Nite Owl Theatre Starring Fritz the Nite Owl
490,tt1676700,I Hate My Kitchen
491,tt1797631,Film Fiend
492,tt1848551,The Challenge on MSG Varsity
493,tt1832794,The End
494,tt1507357,The Chronicles of Dawn
495,tt1715258,American Occult
496,tt2279343,The Parent Project
497,tt3033812,Punks
498,tt1746712,Best Places I've Ever Been
499,tt2633620,Petri Dish
500,tt1765510,R.L. Stine's The Haunting Hour
501,tt1790033,Bite Me
502,tt1791307,Snow Men
503,tt1981446,Snap Judgement
504,tt6950338,DreamWorks Shrek's Swamp Stories
505,tt1763858,Police Women of Dallas
506,tt1628035,Blood Brothers
507,tt1792500,The Unemployment of Danny London
508,tt1753286,Wreck Chasers
509,tt1825587,The Fairy Jobmother
510,tt1875606,My Big Friggin Wedding
511,tt1759136,Hollywood Treasure
512,tt2040114,The Dead Hour
513,tt1772447,Auction Kings
514,tt1884213,Vampire Zombie Werewolf
515,tt1961844,American Icon: The Hot Rod
516,tt1845687,Second Chance
517,tt3865544,&amp;@
518,tt1923792,Run It Back
519,tt1764025,The Minerva Awards 2010
520,tt2643852,Manna from Heaven
521,tt1756927,American Restoration
522,tt1747438,Robotomy
523,tt1763545,Game Night
524,tt1798053,Wedding Day Makeover
525,tt1786302,This Week in Cars
526,tt2350800,Paranormal Society of Ponchatoula
527,tt1749689,Football Wives
528,tt1820896,Double Espresso
529,tt1749299,Dessert First
530,tt1875633,OMGtv!! LIVE
531,tt2004544,DuhmFownd
532,tt2291979,Rap Critic Reviews
533,tt1959237,Which Die Is That Again?
534,tt1776401,CandyGirls
535,tt1740835,The Office: The 3rd Floor
536,tt2180164,Overheard
537,tt1827841,On the Road with Leah
538,tt2007587,Bangarang Sketch Comedy
539,tt2845608,Prime Votes
540,tt7123176,Old Timey Talk
541,tt1898066,America Now
542,tt1755542,MKC: The Monster Killers Club
543,tt1686095,Suck and Moan
544,tt2509326,SGNL by Sony
545,tt1750614,Lay It Down
546,tt1707389,That's Tough
547,tt1773220,This Week in Reality TV
548,tt1750613,Lay It Down with Cee Lo Green
549,tt1852403,Grooveable Feast
550,tt5785102,Music Time with Jennie P
551,tt1773144,Dean of Invention
552,tt1480669,Tower Prep
553,tt1804804,Freak Encounters
554,tt1724786,K-Ci &amp; JoJo: Come Clean
555,tt2006344,Bandwagon: The Series
556,tt1730257,Bugging Out
557,tt1765192,Live in NYC: Francis and the Lights
558,tt1740718,The Talk
559,tt1926937,Vag Magazine
560,tt1895130,Short Bus TV
561,tt1748833,Bret Michaels: Life As I Know It
562,tt2202727,Beginnings
563,tt7119910,Kevin's Science Show
564,tt3510762,The Apple and DJ
565,tt2327804,Kids React
566,tt2360751,Submissions Only
567,tt1748835,Brunch at Bobby's
568,tt2090206,Million Dollar Contractor
569,tt1673448,Rock N' Roll Fantasy Camp
570,tt1738325,Official Best of Fest
571,tt1839258,TH3M
572,tt2579810,Octo and Patrushka's Moonlit Cinema
573,tt2178785,The Nite Show with Danny Cashman
574,tt3655628,Confessions of a Teenage Critic
575,tt1826216,Fix This Kitchen
576,tt1832789,The Adventures of Chuck &amp; Friends
577,tt1640175,School Pride
578,tt2816940,StartUP
579,tt1880532,Fran and Jazzy: The Chronicles
580,tt1774120,Style TV
581,tt4493646,Discussions with Gil Franklin
582,tt1936393,Harlem 125
583,tt1720601,The Real Housewives of Beverly Hills
584,tt1734192,The Vanilla Ice Project
585,tt2107314,Rehab Addict
586,tt1747461,Seattle Grace: Message of Hope
587,tt2433620,WTFiWWY
588,tt2124123,Hey Diddle Diddle
589,tt1753817,Featherweight
590,tt2293990,Ghost Finders
591,tt1713423,What's Eating You
592,tt4017960,Storytime
593,tt1807790,The Virgin Mattress
594,tt3566654,The Haul Monitor
595,tt2597106,Ask Grim
596,tt1721648,Pretend Time
597,tt1809071,The Jeff Lewis 5 Minute Comedy Hour
598,tt1846131,Inside XDL
599,tt1747759,The T. Ocho Show
600,tt1726832,Being Terry Kennedy
601,tt3009544,DR. Bruh
602,tt1900281,Live Digital with Shelly Palmer
603,tt1651080,God in America
604,tt1747905,Zevo-3
605,tt1703224,Hardcover Mysteries
606,tt1827292,The Royal We
607,tt1747393,Pictureka!
608,tt1745951,Maryoku Yummy
609,tt1933077,NewsNation with Tamron Hall
610,tt1768768,Art Through Time: A Global View
611,tt1918005,Moving In
612,tt1887497,Texas Quints
613,tt2074493,10 Steps to Better Healthcare: A Guide for Chinese-American Seniors
614,tt1751105,My Little Pony: Friendship Is Magic
615,tt1571313,Pair of Kings
616,tt1761811,Pound Puppies
617,tt1586619,Look
618,tt1705038,G.I. Joe: Renegades
619,tt1742341,Family Game Night
620,tt1769800,Goldilocks
621,tt1932333,The Peacemaker
622,tt2039857,Ladies Night Out
623,tt1763623,Invitation to World Literature
624,tt1972407,This Indie Thing
625,tt1745264,Local 2 News
626,tt1852301,Diary of a Wedding Planner
627,tt5593900,VIP Television
628,tt1743986,10 Killer Weekend Projects
629,tt1800231,Way of Life
630,tt1993073,Snatching Defeat from the Jaws of Victory
631,tt1794619,The NJ Real Estate Show
632,tt1672271,Auctioneer$
633,tt1751250,Nuevowood
634,tt1749336,Digivangelist
635,tt1901444,Beach Town
636,tt2380486,Rotten Milk
637,tt1501515,Gigantic
638,tt1957485,Public Library
639,tt1755931,Student Briefs
640,tt1823030,Untitled Fiction Project
641,tt1776394,Bloomberg Game Changers
642,tt2144216,Choke.Kick.Girl: The Series
643,tt1699208,Drinking Made Easy
644,tt1587393,Harry Loves Lisa
645,tt1740833,Hole in the Wall
646,tt2163727,Flite Test
647,tt3244106,The Promised Land
648,tt2290407,Infinity Strategists
649,tt1927623,Misery Loves Company
650,tt1500363,Shalom Sesame
651,tt1742543,Making History
652,tt1743991,House of Glam
653,tt2099836,At the Paley Center
654,tt5366396,Nuclear Coleslaw
655,tt1747452,Say Ahh!
656,tt1812583,The Annie Duke Show
657,tt1710177,The Octonauts
658,tt1729127,The A-List: New York
659,tt1692954,Zombie Roadkill
660,tt1728933,The Resistance
661,tt1936696,Rough Cut Woodworking with Tommy Mac
662,tt1965671,Full Benefits
663,tt1587635,The Arrangement
664,tt1882639,Jansing &amp; Co.
665,tt1747375,Parker Spitzer
666,tt1787623,Vexika
667,tt1858119,Kentucky's Greenside
668,tt1739276,IRT: Deadliest Roads
669,tt1815739,Hollywood Girl
670,tt2190529,Aspect Ratio
671,tt2436412,The Girl Show
672,tt1735755,Tennisography
673,tt2147756,KCET Presents
674,tt2436340,The I.C.
675,tt4259160,The IT Chicks
676,tt1883644,Energy Now!
677,tt1710310,T.U.F.F. Puppy
678,tt1492090,Planet Sheen
679,tt1747082,High Octane
680,tt1738334,The Indies
681,tt1749488,Duke City Comedy League
682,tt1851819,What The Week
683,tt1707807,Iron Man
684,tt1739274,Gun It with Benny Spies
685,tt1895103,Say Yes to the Dress: Big Bliss
686,tt1442170,Teach: Tony Danza
687,tt1831403,Simply Delicious Living with Maryann
688,tt2760514,Today in America with Terry Bradshaw
689,tt2294818,Metacafe Unfiltered
690,tt5437364,Kick-Off Cook-Off
691,tt1926507,Disconnected
692,tt2222719,Mevio Actors
693,tt2891122,Elwin Explains
694,tt2201875,Not a Fan
695,tt1796633,The Journeys
696,tt2802300,Hillbilly Handfishin'
697,tt2083565,Lab Rats
698,tt5750908,Disney Magic of Healthy Living
699,tt1864036,Supermodel Moving Company
700,tt4666454,Let's Pray Live
701,tt2259941,Lunch NYC
702,tt2709152,Garden Secrets
703,tt1657081,Law &amp; Order: LA
704,tt5824142,Stars and Stripes
705,tt1808737,Big Break Dominican Republic
706,tt1591493,No Ordinary Family
707,tt1745952,Stiller &amp; Meara
708,tt1832622,EXW Xtreme Tuesday
709,tt1737995,IMDb's 20th Anniversary Star of the Day
710,tt1787933,Control TV
711,tt5147238,Crime Scene X
712,tt1715332,JourneyQuest
713,tt1734568,Ancient X-Files
714,tt1752508,The Last Word with Lawrence O'Donnell
715,tt1834924,All About April
716,tt1775986,The Seven
717,tt1856827,Calabasas On
718,tt1842178,Stupid for Dexter
719,tt1721666,Sister Wives
720,tt2039625,Epic Rap Battles of History
721,tt2016652,"Piedra, papel y tijera"
722,tt2417614,Hobo Hero
723,tt1739279,Ratrod TV
724,tt1721556,Elvira's Movie Macabre
725,tt2328146,Rachael Ray's Week in a Day
726,tt1989973,Noodle and Doodle
727,tt2011121,McBusters
728,tt1734184,Conceal &amp; Carry School
729,tt1709193,"Norte a sur: Una ruta, 5 experiencias"
730,tt1889724,Duelo de Princesas
731,tt1730270,In the Pits
732,tt1595859,Blue Bloods
733,tt1449127,Strange Days with Bob Saget
734,tt1777103,Celeste Bright
735,tt1750815,Meat &amp; Potatoes
736,tt1593756,Outsourced
737,tt1612578,$#*! My Dad Says
738,tt1662979,My Generation
739,tt1850624,Ghouls
740,tt5906200,Today's Spotlight
741,tt3443690,Jeff the Cat: Merchant of Darkness
742,tt1592254,The Defenders
743,tt1626038,The Avengers: Earth's Mightiest Heroes
744,tt1598876,Better with You
745,tt1568769,Undercovers
746,tt1610515,The Whole Truth
747,tt3742190,The Dr. Joy Show
748,tt1982584,Up All Night
749,tt1578258,Detroit 1-8-7
750,tt1615926,Running Wilde
751,tt1728863,Hero Factory
752,tt1931366,Zombiewood Pines
753,tt1600194,Hawaii Five-0
754,tt1608180,Mike &amp; Molly
755,tt1582459,The Event
756,tt1582458,Chase
757,tt1591490,Lone Star
758,tt1719758,America's Court with Judge Ross
759,tt1733725,The Gossip Queens
760,tt2131920,Office Hours
761,tt1797316,Treasure Hunters Roadshow
762,tt2786270,Do Tha Face
763,tt2859424,KMSS Fox 33 News Ark-La-Tex
764,tt0979432,Boardwalk Empire
765,tt1742086,Bad Weather Films
766,tt1723809,Real &amp; Chance: The Legend Hunters
767,tt1791827,Laugh Track Mash-ups
768,tt1883890,Martha Stewart Presents
769,tt1723800,La La's Full Court Wedding
770,tt5276934,The Joel Wynkoop Show
771,tt1795498,The Young Icons
772,tt2146238,Calliope
773,tt3425288,The Flightline
774,tt1709198,Sym-Bionic Titan
775,tt4556250,Real Housewives of the Magic Kingdom
776,tt1776615,Championship Wrestling from Hollywood
777,tt1875119,Blood Light
778,tt1815542,U.S. Open Tonight
779,tt1725147,What's in Store with Mike Albo
780,tt1790909,A Different Spin with Mark Hoppus
781,tt1867266,Is It Me?
782,tt1765088,Guitar Center Sessions: The Cult
783,tt1765087,Guitar Center Sessions: Kenny Wayne Shepherd
784,tt1688612,The Bay
785,tt1592226,Outlaw
786,tt1720607,Top Chef: Just Desserts
787,tt1728864,Ma's Roadhouse
788,tt2403496,Living LA
789,tt1921340,Box Boy Ted
790,tt2116403,Metro Pro Wrestling
791,tt3824534,"MTV's the Seven, Weekend Edition"
792,tt1796379,What Does Eco Mean?
793,tt1765086,Guitar Center Sessions: Joe Bonamassa
794,tt1765084,Guitar Center Sessions: Buddy Guy
795,tt1721547,Hollywood Is Like High School with Money
796,tt2065165,Dance Cam Slam
797,tt1715307,Sextuplets Take New York
798,tt1814592,What's Your Next Project? With OKGO
799,tt1746642,Access Hollywood Live
800,tt1595380,The Nate Berkus Show
801,tt5028218,The Warp Zone
802,tt1728958,Whatever with Alexis &amp; Jennifer
803,tt1869734,The Muppets Kitchen with Cat Cora
804,tt1773215,The Bunker Letters
805,tt1728865,Mad Hungry
806,tt1763077,The Tastemaker
807,tt1734199,Teddy Blue Eyes
808,tt1735535,Community Surface
809,tt1736039,World of Jenks
810,tt1727399,9th Period
811,tt1725141,Better Body &amp; Soul
812,tt1761917,The Adventures of Roman and Jorge
813,tt2004521,Dallas and Wayne: The Bigfoot Hunters
814,tt1941957,Team Unicorn
815,tt2989756,B-Sides
816,tt1842317,Barbarians
817,tt3729630,5 Things I Learned Today
818,tt1933690,AOL Travel
819,tt2368904,Money and Markets TV
820,tt1592154,Nikita
821,tt1724588,Ebert Presents: At the Movies
822,tt1705809,Sea Nation
823,tt1740130,The Grid
824,tt2023333,Whacked
825,tt1713178,Endurance Traveler
826,tt2074898,Real Milwaukee
827,tt5913868,California's Golden Fairs
828,tt1894853,GTOtv
829,tt2202348,Extreme Makeover: Home Edition - Life with Confidence
830,tt4291580,The New Level
831,tt1596356,Hellcats
832,tt1493239,Terriers
833,tt1721484,The Queens of Drag: NYC
834,tt4446282,Revolution with Brian Solis
835,tt2300437,TYT Sports
836,tt1721513,BlockHeads: The Return of the Neighborhood
837,tt1729004,Chuck Presents: Buy Hard - The Jeff and Lester Story
838,tt1871593,Friends &amp; Lovers
839,tt1721667,The Found Footage Show
840,tt1885529,"Bullrun: Cops, Cars and Superstars VII"
841,tt7153480,Kevin's Science Show Experiments
842,tt4529428,"Trinity Lutheran Church Roselle, IL"
843,tt1718438,Mad
844,tt2553232,NFL Rush Zone
845,tt1703873,100 Greatest Artists of All Time
846,tt1807250,FamTeam
847,tt1830104,M@d About
848,tt1721452,Whale Wars: From Pirate to Prisoner
849,tt1729623,Mel B: It's a Scary World
850,tt1730753,Freaky Eaters
851,tt1738384,All American Handyman
852,tt2753240,Astro Space Hero
853,tt1723093,Red Bull Flugtag: On the Wings of Glory
854,tt1923953,The Global Kitchen
855,tt1718984,Hollywood Uncensored with Sam Rubin
856,tt6531372,FUNarios
857,tt1725145,Rad Roach
858,tt2689268,CE BrOs
859,tt1718601,The Cook House with Mike and Matt
860,tt4806218,Behind the Scenes
861,tt1736038,The Short List
862,tt3091698,Bumbee's Days
863,tt1726837,The Buck Stops Here
864,tt1779952,Avengers Assemble!
865,tt6696876,Scientastic!
866,tt1829880,CNBC Titans
867,tt1845695,Stupid for Fantasy Football
868,tt3188058,"MacGertler: Recipes from Disaster, Webseries"
869,tt2094442,Let's Do L.A. with Mr. Hollywood
870,tt1763948,TORC: The Off-Road Championship
871,tt1615919,Raising Hope
872,tt1680034,Changing Lanes
873,tt1782661,Donna's Revenge
874,tt2799838,Vern Fonk Vision
875,tt2119857,Sick!
876,tt1674818,BB's Bedtime Stories
877,tt2199223,Wanna Bet?
878,tt1815221,Places Please
879,tt2318200,DMX Motorsports
880,tt4502054,High Adventure Club
881,tt1699725,Anatomy &amp; Physiology: An Introduction
882,tt2362231,JonTron
883,tt2720902,Head Rush
884,tt1898937,Super Sportlets
885,tt2709216,Bad Dog!
886,tt1716884,First Day
887,tt3198940,America's 60 Greatest Unsolved Mysteries and Crimes
888,tt1596559,Best Laid Plans
889,tt1954501,Heatherbrained!
890,tt2759590,SummerSlam
891,tt1731700,Rescue Renovation
892,tt1870853,Juni's New York Diary
893,tt3675450,FourCast
894,tt2892410,NBC Learn
895,tt5209238,Kate Plus 8
896,tt1718994,Quints by Surprise
897,tt5134400,In Depth with Graham Bensinger
898,tt1757292,Los
899,tt1862240,Ghost Blunders
900,tt1725902,Fish Hooks
901,tt1764712,Toon Wolf
902,tt5095980,The Jr. Cuisine Cooking Show
903,tt1975416,Dream 1 Weird Wedding
904,tt1554369,The Booth at the End
905,tt1705083,Blood Dolphins
906,tt1730752,Cage Insider
907,tt2320761,Project Hollywood
908,tt2196849,Missions That Changed the War
909,tt6443916,The High Adventures of Robert Rivas
910,tt1642198,Family Style
911,tt1743900,The Maybelline Girls
912,tt6019374,R U the Boy?
913,tt4011658,Human Sacrifice
914,tt2373508,Pumpkin &amp; Bubby
915,tt2304047,The Cog Spot
916,tt1747551,Swamp People
917,tt1768757,Aarti Party
918,tt1684855,The Spin Crowd
919,tt3256826,Disorganized Zone
920,tt2257355,Horror Creek Manor
921,tt1739281,The Clinic
922,tt2651100,Comic Vibe
923,tt1786271,The Popcorn List
924,tt2417348,Takeoff with Ashley Colburn
925,tt2345915,Beer and Board Games
926,tt1922810,Afterschool Starz
927,tt2244016,Run My Renovation
928,tt1713425,You're Wearing That?!?
929,tt2062916,Plum Daily Miami Beach
930,tt1711419,Surviving the Cut
931,tt2187358,Topic Time with Harrison Young
932,tt1597420,Melissa &amp; Joey
933,tt1718249,BlackBoxTV
934,tt1475269,Big Lake
935,tt1688297,FCU: Fact Checkers Unit
936,tt1826443,Square One
937,tt1934683,Inside Israeli Basketball
938,tt1515193,The Big C
939,tt2184775,HLN News Now
940,tt2649604,In the Zone
941,tt1711420,The Great Food Truck Race
942,tt1746685,At Home Experts
943,tt2069264,Discovering the Horseman Within Featuring Ken McNabb
944,tt1707811,My Future Girlfriend
945,tt1706636,New Music Live
946,tt1827905,Sleep Here Now
947,tt4829468,Two Minute Meals with Champ
948,tt2069135,American Chopper: Senior vs. Junior
949,tt1820766,8.13
950,tt2004105,Transitions: The Series
951,tt2093850,The Gridiron
952,tt2204410,The 4ce
953,tt3922774,Eric Loubert Horror Movie Reviews
954,tt3990708,Brook Hubbs Short Funny Videos
955,tt2935424,Stanley on the Go
956,tt1583428,Bachelor Pad
957,tt1695741,Too Fat for 15: Fighting Back
958,tt1714189,Wild Nights
959,tt2103511,Great Pick-Up Lines
960,tt1415250,Ultimate Women Challenge
961,tt1842601,Crash Course to Stardom
962,tt3829856,The Misadventures of Onipex and Pals
963,tt2011742,Random Ramblings of a Demented DoorVlog.
964,tt1720129,Just Getting By
965,tt5199642,Nerd Alert
966,tt1991556,JIT Shorts
967,tt2059156,Weekly Cravings
968,tt1699440,The Cat in the Hat Knows a Lot About That!
969,tt1705096,Who the (Bleep) Did I Marry
970,tt1710926,What If?
971,tt1987741,Confessions of a Horror Baby
972,tt2283025,The Slope
973,tt1705808,Maltin on Movies
974,tt1443439,eScape
975,tt5932004,Michael Mikey
976,tt1871713,Mondays
977,tt2000686,Behind the Fail
978,tt1743275,Stan Lee's Superhumans
979,tt1707363,Beach Heat Miami
980,tt1674023,The Real Housewives of D.C.
981,tt1710921,The Nightlife
982,tt2058775,Balls
983,tt2629826,Hollywood Hills
984,tt1720030,What's Your Story?
985,tt1705807,Late Night Republic
986,tt1797787,Rhyme Animal
987,tt2083772,The Rising Spivey Show
988,tt1697029,Scrappers
989,tt1787956,Secret Weapon
990,tt1853081,Conversations with Felicia
991,tt3685982,Travel Bound
992,tt1975634,Shooting Stars
993,tt1687760,Time Traveling Finger
994,tt1656896,Aftermath with William Shatner
995,tt1695354,Money Hungry
996,tt1737523,NextMovie Daily
997,tt1890208,Screen Saviors
998,tt1966669,A.J.'s 8 Ball
999,tt2239439,D23's Disney Geek
1000,tt1710526,Mun2 Arena
1001,tt1765083,Guitar Center Sessions
1002,tt1825315,Family vs. Chef
1003,tt4301994,Nada Original
1004,tt5648808,Ultimate European Road Trip
1005,tt5371562,Epic Fighting
1006,tt1748661,Bad Trainer
1007,tt1926808,Say Uncle!
1008,tt1794011,Behind the Words
1009,tt3104690,Style Fyle: Athens
1010,tt4441142,3 Plus You
1011,tt1627815,The Squad: Prison Police
1012,tt2211257,Acid Tests
1013,tt1938990,Fisherman's Handbook Gulf of Mexico: Today &amp; Tomorrow
1014,tt4991708,The ZeronesXXX Factor
1015,tt1734197,Samantha Brown's Asia
1016,tt4142320,GeekRockTV
1017,tt1791696,12 Steps to Recovery
1018,tt2908286,DIY Dominator
1019,tt1697792,On the Road with Austin &amp; Santino
1020,tt2017165,Extra Credits
1021,tt1700643,Mis Videos Locos
1022,tt2240193,This New House
1023,tt1684430,Operation: WASTE.LAND
1024,tt1669773,Plain Jane
1025,tt3283590,The Best Show in the Universe
1026,tt1694423,Masterchef
1027,tt1629756,Growing Up Twisted
1028,tt1666667,Breakthrough with Tony Robbins
1029,tt1712265,2010 World Series of Poker
1030,tt5041894,Mr Cati's Observatory
1031,tt1726841,World of Whitetail
1032,tt2447262,How to Land a Role in Bollywood?
1033,tt1943438,Real American Family
1034,tt1747463,Self Storage
1035,tt1698128,Fish Warrior
1036,tt1702421,The Huckabee Show
1037,tt1475582,Sherlock
1038,tt1713422,What the Future
1039,tt3056000,Quicksand
1040,tt3487920,RapFix Live
1041,tt1776016,Your Chance to Dance
1042,tt1979786,Interview Don'ts
1043,tt1707362,Battle of the Supercars
1044,tt1744804,Cook Like an Iron Chef
1045,tt1728870,Project: Comic-Con
1046,tt1698133,Guy Levine: Super Agent
1047,tt1684397,Confessions: Animal Hoarding
1048,tt1609478,First Edition
1049,tt1918545,Vampirism Bites
1050,tt1796294,Stealth Rider
1051,tt1751902,Stripped Down Live with Curt Smith
1052,tt4008954,PogieJoe
1053,tt4669312,Who Wants to Be on a Reality Show?
1054,tt1697013,Michael Showalter's the Making of...
1055,tt4187930,Weston Cooks!
1056,tt2112399,Blanco Boys
1057,tt1584942,RuPaul's Drag U
1058,tt3950680,After Hours
1059,tt1695515,Fabulous Cakes
1060,tt1711421,We Love Drama: Primetime
1061,tt1705089,Strange Sex
1062,tt1730751,24 Hour Restaurant Battle
1063,tt2091179,The World After Dinosaurs
1064,tt4022336,Earth Wonders
1065,tt2006453,I Hate Your House
1066,tt2354872,MMA: Inside the Cage
1067,tt2341199,My Ghost Story
1068,tt1688379,Powering the Future
1069,tt5352506,Unlikely H.E.R.O
1070,tt1930771,Don't Be a Victim
1071,tt1695353,"Man, Woman, Wild"
1072,tt1687366,DC Cupcakes
1073,tt2656502,Wicked Green
1074,tt1690621,Fact or Faked: Paranormal Files
1075,tt1821102,One Night Stand
1076,tt1508579,Style 101: Teen Edition
1077,tt1676692,Born on a Bad Day
1078,tt1694422,Mary Knows Best
1079,tt1987517,With These Hands
1080,tt1604096,Chasing Mummies
1081,tt2074579,Colette Carr: Life in the Day
1082,tt3966636,Baptist German Language Course
1083,tt4198756,Travel Now
1084,tt5204758,Crime Inc: Counterfeit Goods
1085,tt1495708,Covert Affairs
1086,tt1797669,Kosher Organic Ranchero
1087,tt1705087,Shank!
1088,tt1551632,Rizzoli &amp; Isles
1089,tt1688573,Python Hunters
1090,tt1684721,Everyone Counts
1091,tt2292644,Epic Rap Battle!
1092,tt4671932,What If...
1093,tt3606274,iOS Today
1094,tt1693590,Turmoil &amp; Triumph: The George Shultz Years
1095,tt1552112,The Glades
1096,tt1688779,"Drugs, Inc."
1097,tt1727428,Kid in a Candy Store
1098,tt1705086,Russell Simmons Presents: Stand-Up at the El Rey
1099,tt2013841,"Oh, We Review!"
1100,tt1841193,Let Me Walk This Path: The Faith and Martyrdom in Japan
1101,tt1688262,Bakery Bunch
1102,tt2735544,Aerial America
1103,tt1799471,The Unprotected
1104,tt1799245,Fresh Food Fast w/Emeril
1105,tt2045956,The Pretty Good Sports Show
1106,tt4885824,The African Experience
1107,tt1519931,Haven
1108,tt2300173,Kenny Baker Forever
1109,tt2331912,Raisin' Junior
1110,tt1743034,The LXD: The Legion of Extraordinary Dancers
1111,tt2069592,Twisted
1112,tt3587736,Mr. Mendo's Hack Attack
1113,tt4592812,Fast Money Halftime Report
1114,tt1725146,The Horseman's Apprentice
1115,tt2262671,CinemaKC
1116,tt3672372,The Lives Show
1117,tt1683323,Solo: The Series
1118,tt1848546,The Best Sketch Comedy Show
1119,tt1693823,Otaku: The Series
1120,tt1941832,Late Night in the Afternoon
1121,tt1713357,Sports Crash
1122,tt2326625,How I Seize It
1123,tt2393667,Why I Hate Bitsy Malone
1124,tt2148345,Movies &amp; Music
1125,tt2148361,Naked Trailers
1126,tt1707814,Ochocinco: The Ultimate Catch
1127,tt1683631,Chiquis &amp; Raq-C
1128,tt2074885,Professional Grade
1129,tt1700316,Cage Fighta
1130,tt1685713,Browning Expeditions
1131,tt1684791,Langley Speedway TV
1132,tt1739278,Practical Tactical
1133,tt1636695,Intersections
1134,tt1710305,Lien on Me
1135,tt3455222,Buck Commander: Protected by Under Armour
1136,tt1870189,Simply Plimpton
1137,tt3721910,Direct Effect
1138,tt1723081,Craigslist TV
1139,tt2887054,Hidden Heritage
1140,tt6521100,Tornado the Goldfish Sheriff
1141,tt2149812,ScreenTime with the Charlotte Film Community
1142,tt2367673,Nocturnal Emissions
1143,tt1592240,Warren the Ape
1144,tt1832244,Vampire Mob
1145,tt2322087,Road to Camp Rock 2: The Final Jam
1146,tt1715295,Knockout Sportsworld
1147,tt1887101,Hollyweird Studios
1148,tt2549600,Reggie's Family &amp; Friends
1149,tt1988329,John Wants Answers
1150,tt1628700,World's Wackiest Game Shows
1151,tt1492966,Louie
1152,tt5951162,RebelTaxi
1153,tt3923598,Sisters by Marriage
1154,tt3513138,Trey Songz: My Moment
1155,tt1681415,Craig Morgan All Access Outdoors
1156,tt1591511,Huge
1157,tt1688399,World's Deadliest
1158,tt4392152,Fisher's ATV World
1159,tt1692107,The Kilborn File
1160,tt1829970,Golf in America
1161,tt1718962,Clean Break
1162,tt1701984,Keith Sweat's Platinum House
1163,tt1880869,The Wig Project
1164,tt1535715,Mary Shelley's Frankenhole
1165,tt2151345,The Restoration Road with Mitch Kruse
1166,tt2230335,Out-of-Control Drivers
1167,tt2157052,Improv-LA Podcast
1168,tt1687744,The Match Off
1169,tt3350262,Mouse Rants
1170,tt7168214,T00MuchTV
1171,tt1690862,The Big Ten's Greatest Seasons
1172,tt1673792,Boston Med
1173,tt2368267,The Underdogs
1174,tt1671606,Miss Behave
1175,tt1710309,So You Wanna Be...
1176,tt6585062,Shadow's Awesome Gaming!
1177,tt1819892,Emerald Nights
1178,tt3221924,Facebook vs Real Life
1179,tt1409008,Memphis Beat
1180,tt1632707,Downfall
1181,tt3944086,Needs More Gay
1182,tt2711752,Cooking with Troy
1183,tt2042147,Nannyland
1184,tt1589939,Ultimate Car Build Off
1185,tt1827730,Heartland Thunder
1186,tt3188362,Hollywood Travel Log
1187,tt1716919,Inedible to Incredible
1188,tt2050252,Shark U
1189,tt1681473,Put a Ring on It
1190,tt1696961,HUNG: Inside the Episode
1191,tt1599357,The Gates
1192,tt1561756,The Real L Word: Los Angeles
1193,tt1595860,Scoundrels
1194,tt2944318,Action Figure Therapy
1195,tt1684797,Passenger
1196,tt1666953,Last Chance Highway
1197,tt2088990,$100 Makeover
1198,tt1665823,Battle of the Wedding Designers
1199,tt1500796,Hi Tide
1200,tt1545453,Donald J. Trump Presents: The Ultimate Merger
1201,tt1740832,Countdown Los Angeles
1202,tt1583607,Hot in Cleveland
1203,tt1748166,Pioneer One
1204,tt1659771,Bert the Conqueror
1205,tt1565776,The Fabulous Beekman Boys
1206,tt1749721,Frenemies
1207,tt1714801,Lucha Libre USA: Masked Warriors
1208,tt3484710,Optical Illusions
1209,tt1678041,Chadam
1210,tt1288498,Exposed
1211,tt1950480,A God Named Pablo
1212,tt2506056,Disney XD's My Life
1213,tt1605868,Double Exposure
1214,tt2214163,The Stay-At-Home Dad
1215,tt1676489,It's Effin' Science
1216,tt1895663,America's Unfunniest Home Videos
1217,tt3377556,Zodiac: A Heroes Webseries
1218,tt3190332,Bugged
1219,tt2331712,The Potion Master's Corner
1220,tt1780595,The PokerStars.Net Big Game
1221,tt2213863,The High Bar
1222,tt2567004,Mr. Vicarious
1223,tt1673442,E3 '10 Live
1224,tt1713709,Food Buddha
1225,tt1389371,Rubicon
1226,tt1494829,Unnatural History
1227,tt2025314,Vegas in Tune
1228,tt1747802,This Week in Comedy
1229,tt1748662,Badass!
1230,tt2400412,BNN: Bible News Network
1231,tt1673441,Dual Survival
1232,tt1700453,The Agency
1233,tt1684692,Bud House
1234,tt1842043,Extreme Poodles
1235,tt1546139,The Green Room with Paul Provenza
1236,tt2401387,I'm Just Sayin
1237,tt4316716,Johnny Rich Health
1238,tt4077874,The Gabi Show
1239,tt1972078,Man-Teen
1240,tt1672204,Late Night Liars
1241,tt4190294,MTV Summer Wraps
1242,tt1513168,Through the Wormhole
1243,tt1670617,You're Cut Off
1244,tt1663613,Work of Art: The Next Great Artist
1245,tt1926733,Movie Nights
1246,tt3338156,Kiki's American Adventure
1247,tt1578873,Pretty Little Liars
1248,tt1674393,DialStar
1249,tt2209313,Pen and Paper Corner
1250,tt1333050,Persons Unknown
1251,tt1592270,Neighbors from Hell
1252,tt1672203,Last American Cowboy
1253,tt2081878,Naked in a Fishbowl
1254,tt5613974,Bazaar
1255,tt1863921,Mega Bites
1256,tt2060832,Carolina DayBreak Morning show
1257,tt1451387,The Hard Times of RJ Berger
1258,tt4028442,True Blood: Jessica's Blog
1259,tt1569972,Top Shot
1260,tt1716573,Money Power &amp; Respect: The Series
1261,tt1920820,30 Seconds from Oblivion
1262,tt1935383,Blessed and Talented Minstries
1263,tt1942269,Eco Fashion
1264,tt2033043,The Reel Fall Guy
1265,tt1844862,American Treasures
1266,tt1670434,Get Thee Behind Me
1267,tt6989078,Karma Butler's American Dance Legend
1268,tt1718472,Now in L.A.
1269,tt1852353,Drill Team
1270,tt4172424,Jerry Lawler's Memphis Wrestling
1271,tt2091063,Sabrina Parisi Hollywood Lifestyle
1272,tt1666727,The Neistat Brothers
1273,tt2568654,TribeTwelve
1274,tt1950714,Matt and Kory Show
1275,tt1735572,Food Feuds
1276,tt1670804,Mari-Kari
1277,tt1703223,Bridal Bootcamp
1278,tt2283337,Chaos Reviews
1279,tt1743499,Only Words
1280,tt1544603,Are We There Yet?
1281,tt1739275,Hollywood Wasteland
1282,tt1696268,Curb: The Discussion
1283,tt1572007,Half Pint Brawlers
1284,tt1931892,Fair Game
1285,tt6240622,Focus with Steve Dakota
1286,tt1784145,Peripheral City
1287,tt3361774,Dirty Friends
1288,tt1875519,Make It Happen
1289,tt1544751,Losing It with Jillian
1290,tt1815031,Downtown Girls
1291,tt1659905,Jersey Couture
1292,tt1787328,Judge Karen's Court
1293,tt1835403,My Roommate Sam
1294,tt6412180,The Proud &amp; Privileged
1295,tt1842866,Nikki &amp; Babs: Dos and Doubts
1296,tt1753429,Alpha Planet
1297,tt1851177,Breathing Underwater
1298,tt2116984,A Day in the Life
1299,tt1566230,Design School
1300,tt3025138,Warrior Games
1301,tt2349287,Speed Factory
1302,tt2326025,The Movie Parody Network
1303,tt3606434,Tech News Today
1304,tt1546360,Unusual Suspects
1305,tt1680663,Unique Eats
1306,tt1670499,Swamp Men
1307,tt1648169,Dad Camp
1308,tt1641939,Bella Maddo
1309,tt1700600,Food(ography)
1310,tt6618834,PIX 11 News at Ten
1311,tt1777152,FoodCrafters
1312,tt2148565,The Killer Nearby Murder in Suburbia
1313,tt1662298,A Breath of Fresh Air with Jon and Nkechi
1314,tt2433418,Broadway Blogspot
1315,tt2151286,What's Amy Eating?
1316,tt1721481,Innovators
1317,tt1714784,Drink Up
1318,tt3962814,Loco-Motion Station
1319,tt1595548,If You Really Knew Me
1320,tt2004572,Godamsterdam
1321,tt1672513,The Leslie Taylor Show
1322,tt2387197,Stone Jones vs. The Recession
1323,tt1672479,Plum Daily
1324,tt2497634,Totally Wasted
1325,tt1441093,100 Questions
1326,tt1668188,The OCD Project
1327,tt1743524,Raveena and the Vampire
1328,tt2181289,Noble Exchange
1329,tt1677182,Cellblock 6: Female Lock Up
1330,tt1728858,Dirty Little Secret
1331,tt2125294,Seduce Me
1332,tt3091378,Handsome Town
1333,tt1740152,Nurse Jeffrey: Bitch Tapes
1334,tt1743413,Casting Qs
1335,tt1675281,Real Men Real Issues
1336,tt1747562,TXT MSG
1337,tt1492152,Seven Deadly Sins
1338,tt6063808,Over the Limit
1339,tt1827628,Betty &amp; DD
1340,tt1833839,Awkward Embraces
1341,tt1666997,The Cavanaughs
1342,tt1933211,She's Just Not That Into You
1343,tt1567254,The Good Guys
1344,tt1705095,Tutankhamun: The Mystery Revealed
1345,tt5881392,Check It Out with Dr. Steven Brule Restaurants
1346,tt1954405,Exile
1347,tt2213991,The Mystery Squad
1348,tt1650583,Delta Divers
1349,tt2331859,Iron Core Talk
1350,tt1660840,Sex and the Austen Girl
1351,tt2563352,Man I Hate Mondays
1352,tt1695539,Hired
1353,tt1654915,Cult 11
1354,tt1827729,Hater-Bot
1355,tt2209563,Spymates
1356,tt2152212,Dealership
1357,tt1657563,Check It Out! with Dr. Steve Brule
1358,tt1743483,Livin' on a Dream
1359,tt1827893,STOP Requested
1360,tt1743460,Helenna's Tinseltown Tuesdays
1361,tt1857517,The Conspiracy for Good: London 2010
1362,tt1649538,Growing a Greener World
1363,tt1704677,Universal Dead
1364,tt3752354,Brad Tries...
1365,tt2711950,MLB Network Remembers with Bob Costas
1366,tt1713381,The Eco Capitalist
1367,tt1829974,HOMEless
1368,tt3960288,Endless Summer Ukulele
1369,tt1818761,The Search for the Hottest Girl in America
1370,tt1663354,30 Rock: Cerie's Vlog
1371,tt2709206,Toughest Military Jobs
1372,tt3909724,Aquahunters
1373,tt1835359,Modern Warfare: Frozen Crossing
1374,tt6678930,Acting Reel Master Database
1375,tt1670154,The Last 10 Seconds of Lost
1376,tt1858089,Guns for Hire
1377,tt2631684,TinaQ's Celebrity Interviews
1378,tt3042608,Uncle Grandpa
1379,tt2082774,Need to Know
1380,tt6986062,Bigger's Better Boxing
1381,tt1967829,Ask Charlie
1382,tt1598874,Dudesons in America
1383,tt2201775,Lemons the Show
1384,tt2674298,This Month in History
1385,tt1765085,Guitar Center Sessions: Jane's Addiction
1386,tt2002941,Alive! With Adventure Aaron
1387,tt1809014,My Strange Addiction
1388,tt6928178,Monster High
1389,tt1664622,Worst-Case Scenario
1390,tt4261810,Pop Fiction
1391,tt1959465,M.E.N.
1392,tt1725905,The Next Level
1393,tt2349914,Resident Undead
1394,tt5360162,Battling Garages
1395,tt2473040,Master Suites
1396,tt3064282,Custom Fusion
1397,tt1672377,In Over Our Heads
1398,tt2357839,Eye Opener
1399,tt1653496,My Dog Ate What?
1400,tt2012203,Cooking Thyme
1401,tt1642029,Best Food Ever
1402,tt1686544,Feed Me Bubbe
1403,tt2736332,The Wild Life with Jeremy
1404,tt2605460,Made Here
1405,tt1669956,Fake It Til You Make It
1406,tt2213665,The Battle for Earth
1407,tt1670476,Ktown Cowboys
1408,tt1735368,When I Was 17
1409,tt1664050,10 on Top
1410,tt1713283,Money Hunters
1411,tt6457306,Indian Fables
1412,tt2672952,Gospel Mass Songsters
1413,tt1718961,Building a Greener Britain
1414,tt1589704,Doilie's Diner
1415,tt1985895,Sports: AT&amp;T Original Documentaries
1416,tt2501748,West Wing Week
1417,tt6387286,Inside Creative Minds
1418,tt3623262,The Kara Morgan Show
1419,tt2326973,The Brown Betties Guide: How to Look for Love in All the Wrong Places
1420,tt2294704,Pura Vida
1421,tt1860407,Bringing the Drama
1422,tt1995495,Bad Girl's Ball
1423,tt1379722,Happy Town
1424,tt1650624,Gillian in Georgia
1425,tt2069433,"Love, Kills xx"
1426,tt1642160,Sunset Daze
1427,tt3951996,Pastor Anderson Full Trial: Border Patrol Checkpoint
1428,tt1835790,The Puzzle Maker's Son
1429,tt1654842,True Blood: Webisodes
1430,tt1670375,Bright Falls
1431,tt1668121,Jonah Hex: Motion Comics
1432,tt4237480,Business Casual Live
1433,tt1647956,The Webventures of Justin &amp; Alden
1434,tt1771172,Dining with Death
1435,tt1825422,My Life Is a Zoo
1436,tt1832668,How the Universe Works
1437,tt1641653,America: The Story of Us
1438,tt1956710,YouTube Assassin
1439,tt2024928,Living in 8 Bits
1440,tt1657083,Livin' La Vida Miami
1441,tt3921954,Co-Workers in a Barely Different Dimension
1442,tt3033790,Master Cleanse
1443,tt1622696,Ben 10: Ultimate Alien
1444,tt1636691,Generator Rex
1445,tt1548669,Gravity
1446,tt1630646,Multinauts
1447,tt1667812,The Further Adventures of Cupid and Eros
1448,tt1653522,Sliced
1449,tt7174302,2theMovies
1450,tt3633504,MN Original
1451,tt1660286,Weird or What?
1452,tt2192165,Dark Shadow
1453,tt1729628,Tacky House
1454,tt1618426,Short Sighted
1455,tt4861976,Angstville
1456,tt1646195,Treehugger TV
1457,tt1910269,Smash It
1458,tt1981434,Remember When
1459,tt1663356,86'd
1460,tt1640240,Baggage
1461,tt1948500,Viral Video Film School
1462,tt1941252,The MMAX (MMA-XTRA)
1463,tt1634099,Masterclass
1464,tt1740131,Venice Boulevard
1465,tt1695700,The Emeril Lagasse Show
1466,tt4519046,Kings of Screams
1467,tt1639811,We Are with the Band
1468,tt1941895,My Roommate Is a Supermodel
1469,tt1647865,Ghostfacers
1470,tt2052222,California Adventure TV
1471,tt1640099,Weekend Pre-Game with Craig Carton
1472,tt2172298,PIT: Paranormal Investigative Team
1473,tt2008321,Skydive TV
1474,tt1659860,Green Goddess
1475,tt4384460,Random Acts of Music: Voice Lesson Show
1476,tt3333600,NASCAR Hall of Fame Biography: Junior Johnson
1477,tt3422150,The Cubicle
1478,tt3986176,Who Shot Steve Q?
1479,tt1638250,What a Tool
1480,tt7149554,Gruden's QB Camp
1481,tt1917165,Debbie's Got Class
1482,tt1627190,9 by Design
1483,tt2382258,Revelation Trail: Lillith's Story
1484,tt1392247,Romantically Challenged
1485,tt1650366,Vamped Out
1486,tt7161314,The Creative Lives
1487,tt1568766,Tough Love: Couples
1488,tt2083902,Who Knew?
1489,tt1639780,SnakesKin
1490,tt1279972,Treme
1491,tt1637756,Basketball Wives
1492,tt1636903,Brandy &amp; Ray J: A Family Business
1493,tt1475262,What Chilli Wants
1494,tt2043692,The Denial Show
1495,tt1632777,Cowboys in Tall Grass
1496,tt2069185,Big on the Web
1497,tt1999026,You Make My Dreams Come True
1498,tt1656218,Battle on the Block
1499,tt1799704,Chapman Shorts
1500,tt1656308,Gator 911
1501,tt1701985,Texas Music Scene
1502,tt2422208,The Scottish Ninjas
1503,tt3855056,WTA
1504,tt1634547,Danger Coast
1505,tt1667809,The Consultants
1506,tt1626437,LisaRaye: The Real McCoy
1507,tt2071222,That Sci-Fi Guy
1508,tt3483640,Rolling with Robbie
1509,tt4411664,Funny Shorts
1510,tt1773440,Full Nelson
1511,tt3203800,The Abigail Show
1512,tt1917940,Laserdisc Memories
1513,tt1805032,The Great Camera Shootout 2010
1514,tt2107566,Tough Guy
1515,tt7168200,Charlie Time
1516,tt1637336,MLB.com Fantasy 411
1517,tt1305826,Adventure Time
1518,tt1660055,Scooby-Doo! Mystery Incorporated
1519,tt2150568,Immersion
1520,tt1859114,Last Cake Standing
1521,tt1749605,Expedition Wild
1522,tt2296125,The Guru
1523,tt1787954,Mystery Gorillas
1524,tt1853331,The Daily Line
1525,tt1415889,Good Luck Charlie
1526,tt1785791,Blind Date
1527,tt2175553,Apocalypse Twins
1528,tt1675974,Playboy Shootout
1529,tt1630385,Fix This Yard
1530,tt1874258,The History of Power Rangers
1531,tt1656479,Storm Riders
1532,tt1647442,The Sam Henry Kass Show
1533,tt1721483,Spice &amp; Easy
1534,tt1980563,Mad Gag
1535,tt1918287,TV Talk Tonight with Steven Brandon
1536,tt1406662,Miami Medical
1537,tt3442264,The Last Broadcast
1538,tt1769764,Fuse Top 20 Countdown
1539,tt5983324,Baby Planet
1540,tt1607959,Squatters
1541,tt1933850,Lost Trailer Park: Never Coming Attractions
1542,tt5918298,Localite
1543,tt1646038,DateaHuman.com
1544,tt1649638,Suitemates
1545,tt2001966,Make Your Friends Uncomfortable
1546,tt3270284,Forensics: The New Voices
1547,tt1885082,The Eternal Christ
1548,tt1807456,Palatial Passport
1549,tt2070575,Xtreme Tourist
1550,tt1634699,Real American Stories
1551,tt3526772,Laughisodes
1552,tt4468930,Love That Book
1553,tt1640076,Stunts and Chaos
1554,tt2731350,History Specials
1555,tt4941512,Real Mortal Kombat
1556,tt1586637,Southern Fried Stings
1557,tt2241644,Future Man
1558,tt1994215,On the Red Carpet
1559,tt4364492,Tina Out of Water
1560,tt3304382,Talking with Bryant Varnell
1561,tt2191359,Style Innovators
1562,tt1629488,Future Food
1563,tt1699756,Hollywood's Top Ten
1564,tt1630382,Elle and Tito: The Married Life
1565,tt4009952,Road Trip
1566,tt4781664,48 Hours on ID
1567,tt1572209,Bubba's World
1568,tt1604099,Victorious
1569,tt1882948,Slanted
1570,tt4001198,Pantsuit
1571,tt2238946,New Day
1572,tt3140630,American Greed: Sholam Weiss
1573,tt1646475,Fanboy Funhouse
1574,tt1622780,Is It Possible?
1575,tt1912888,The Daytripper
1576,tt1640710,Dr. G: America's Most Shocking Cases
1577,tt1619475,The Best Friend
1578,tt1619272,Wild Things
1579,tt1614788,Extraordinary Humans
1580,tt6868580,BreakingNC
1581,tt1635002,Fear Clinic: Director Diaries
1582,tt4476576,Dead Wait
1583,tt1634098,"John King, USA"
1584,tt1583417,Jerseylicious
1585,tt1563697,Food Revolution
1586,tt1617420,Kirstie Alley's Big Life
1587,tt6524356,The G.A.M.E.
1588,tt6957600,Everymanhybrid
1589,tt1649232,Over the Limit
1590,tt2737938,Life Lessons with Sergio
1591,tt1630088,Commons
1592,tt1624359,Unique Autosports: Miami
1593,tt2159581,MTV2 Sucker Free
1594,tt1747080,Here's the Thing...
1595,tt1666679,Selling New York
1596,tt1659070,My First Sale
1597,tt1623739,Tough as Nails
1598,tt1851590,Reporter Chicks
1599,tt2388888,Lalaine Who
1600,tt1846070,Fighting Words with Mike Straka
1601,tt1918426,The Dollar Tree
1602,tt1621748,Ugly Americans
1603,tt1613063,Addicted
1604,tt1861741,My Mother/Agent
1605,tt1697032,Sophomores
1606,tt2411730,AX Live
1607,tt1489428,Justified
1608,tt1634676,Love Games: Bad Girls Need Love Too
1609,tt1616358,Pacific Rim Comedy
1610,tt1655350,Transform Me
1611,tt1666935,Infamous
1612,tt1586081,Jessica Simpson: The Price of Beauty
1613,tt1627347,Home Rules
1614,tt1609075,The Delicate Art of Being Single
1615,tt2118567,Alan Hollywood
1616,tt3113996,The Triple
1617,tt1740124,Festivals SUNcovered
1618,tt1610972,Vans Triple Crown
1619,tt7134198,Sistah Talk TV Show
1620,tt1848166,Lego Pancho Villa and His Soldaderas
1621,tt1615676,Minute to Win It
1622,tt1538296,Hoarding: Buried Alive
1623,tt1591375,Pretty Wild
1624,tt1616774,Hollywood East
1625,tt1625123,The Good Food Factory
1626,tt3716842,Sirens of Soccer: World Cup News Girls
1627,tt1361839,Sons of Tucson
1628,tt1492627,True Crime with Aphrodite Jones
1629,tt1612920,High Society
1630,tt1531273,Fly Girls
1631,tt4001412,Diamonds Wow!
1632,tt1626340,"First Love, Second Chance"
1633,tt1607785,Food Wars
1634,tt2399575,Chico's Angels
1635,tt1620385,Turf War
1636,tt2319125,Jobs of the Damned
1637,tt1798732,Bad Movie Theatre
1638,tt1058776,Pink Panther &amp; Pals
1639,tt1952762,Medium Rare
1640,tt1988928,Budget Dinner Party for Ten Under $100.00
1641,tt1365047,Who Do You Think You Are?
1642,tt1278016,The Bridge
1643,tt2045770,Piper's QUICK Picks
1644,tt4453068,Pokemon the 'Bridged Series
1645,tt1848679,The Witching Hour
1646,tt3673700,Voice of Resistance
1647,tt2428790,Y Teens
1648,tt1619262,The Office: The Mentor
1649,tt2035961,Going Deep
1650,tt1610783,Instant Recall
1651,tt1453406,Extreme Peril
1652,tt1699754,Surviving Death
1653,tt2734166,The Reel Housewives of Theatre West
1654,tt2279102,Brooklyn-Knights
1655,tt2191863,The Sunset Players
1656,tt2801226,B-Movie Roll-Out
1657,tt1416765,Parenthood
1658,tt1482969,Players
1659,tt1658997,If I Can Dream
1660,tt1621741,The Bonus Show
1661,tt1642135,Madman of the Sea
1662,tt4203928,Choctaw Church of Christ
1663,tt4656972,The Call
1664,tt1873782,Copart - Sold in Seconds
1665,tt1674117,Hero: 108
1666,tt1863469,My Roommate the
1667,tt1620417,Wrestlicious Takedown
1668,tt2276555,JesuOtaku Anime Reviews
1669,tt1650034,Fast Track to Fame
1670,tt1610846,Our Little Life
1671,tt1811714,Dolley Madison
1672,tt6467414,Battlecam Live
1673,tt1784702,Translogic
1674,tt1707805,Copy &amp; Pastry
1675,tt4287408,Lake Erie Lights
1676,tt1984737,Metro Unplugged
1677,tt1624365,Wanted: Adventure Host
1678,tt2228611,The Not So Incredible Life of Dave
1679,tt1618737,Revolution 618
1680,tt1869108,The Park
1681,tt2494208,After Hours at the Liquor Store
1682,tt1442552,The Marriage Ref
1683,tt5985596,RT America News
1684,tt1773209,Sroloc
1685,tt1995069,Science Fiction News
1686,tt2964084,NBC News Presents: Black History Month
1687,tt2886572,My Reality Mega Bytes
1688,tt1990507,Climate One Commonwealth Club Forum
1689,tt1549214,Dance-A-Lot Robot
1690,tt1596781,The Mis-Adventures of McT &amp; A
1691,tt1863739,Hood Tales
1692,tt1684682,A Good Knight's Quest
1693,tt2488150,The Back Room
1694,tt2566456,Mythbusters
1695,tt1739271,Behind Bars
1696,tt1657752,Police Women of Maricopa County
1697,tt2534348,M.Y.R.K.L.
1698,tt2483458,Joe &amp; Kate
1699,tt1843560,Leidy's New Boyfriend
1700,tt2232937,Self-Destruct
1701,tt1559572,Bullrun III
1702,tt3523668,The Teacher's Hour
1703,tt1697021,Paranatural
1704,tt4183484,Weird Brandi
1705,tt3824068,One Man Band
1706,tt1707815,The Crazies
1707,tt4401478,Talking Movies with PenTV
1708,tt1722609,Shark Men
1709,tt1618950,American Paranormal
1710,tt1616416,The Family Crews
1711,tt1575269,Icon News
1712,tt1972307,Steamboat
1713,tt6738598,Let's Play Chainsaw
1714,tt1850160,Outrageous Kid Parties
1715,tt2396760,The Indigenous Flowers of Southern California
1716,tt1960799,Roads to Adventure
1717,tt1553644,The Ricky Gervais Show
1718,tt1556078,Funny or Die Presents...
1719,tt1773767,The Steps
1720,tt7074970,Larkmart
1721,tt2180165,The Tester
1722,tt1607910,Model City
1723,tt1629702,The Iceman Chronicles
1724,tt1852267,Call the Floorman
1725,tt1794269,Montecito Heights
1726,tt3986000,Cop Block
1727,tt1592239,Trenches
1728,tt2373511,Julie &amp; Brandy: In Your Box Office
1729,tt1633939,"Wake Up, It's Tuesday!"
1730,tt1619910,24/7 Jimmie Johnson: Race to Daytona
1731,tt1614833,The Advocate On-Air
1732,tt3097102,Conversations on Craft
1733,tt1948541,Broad City
1734,tt1572297,The Moto: Inside the Outdoors
1735,tt1696943,Celebrity Close Calls
1736,tt1852293,Date Doctor TV
1737,tt1593613,Vom Pionier zum Millionär
1738,tt1299365,How to Make It in America
1739,tt1571094,Prison Wives
1740,tt2071226,The Blockbuster Buster
1741,tt1754850,Underbelly
1742,tt1602156,Atlantis Rising: The Making of 'Atlantis Down'
1743,tt1649194,Into the Drink
1744,tt1622798,Kid Pitch
1745,tt1854455,Cooking for Two
1746,tt1809001,Last Moments of Relationships
1747,tt1702419,In the Qube
1748,tt1600757,Kick Buttowski: Suburban Daredevil
1749,tt1606065,The Internship
1750,tt1592238,The Real Girl's Guide to Everything Else
1751,tt3120486,Captive Daughters Country Reports
1752,tt1936714,SciGirls
1753,tt1602852,Faces of America with Henry Louis Gates Jr.
1754,tt1600573,Famous Crime Scene
1755,tt5425222,30/2010
1756,tt1954262,Battle Hero Absolute
1757,tt1396401,Past Life
1758,tt5984948,T-Shirt War
1759,tt1927778,Speel It Show
1760,tt4270894,42/11
1761,tt1624309,NFL Full Contact
1762,tt1986355,Dirty South the Series
1763,tt1442553,Undercover Boss
1764,tt1604989,Music Voyager
1765,tt1602677,Bath Crashers
1766,tt1641330,Motorz
1767,tt1973544,Math Problems
1768,tt1938928,Double Cross
1769,tt1779966,Blue Belle
1770,tt1565977,The Boys Who Brunch
1771,tt2088488,Sabrina HC (Hollywood Confidential)
1772,tt1693434,Main Street Mysteries
1773,tt4594858,The Sports Update
1774,tt2048639,Tips and Tea
1775,tt1757242,King of the Reef
1776,tt1640376,The Food Nanny
1777,tt5644688,The Replacement
1778,tt1667667,Cell: The Web Series
1779,tt4033412,Jai Tv
1780,tt3733288,Dayfly TV
1781,tt1531379,The Michael Vick Project
1782,tt1588754,RuPaul's Drag Race: Untucked!
1783,tt1826569,What the Flick?!
1784,tt1594402,Kell on Earth
1785,tt1739296,America Live
1786,tt5879578,Monsters and Money in the Morning
1787,tt1994319,Spade
1788,tt1597184,Celebrity Tennis
1789,tt2346522,Drawing with Mark
1790,tt1943123,Black History Month 2010
1791,tt2145766,Good Grief
1792,tt1747329,Navigating Your Life
1793,tt3092726,Ormsby's Cinema Insane
1794,tt1789539,Steam Room Stories
1795,tt2392522,The Suits
1796,tt1624301,Las Vegas Jailhouse
1797,tt2735546,Animal Planet Extreme
1798,tt1662955,Little Chocolatiers
1799,tt1640131,I Love Drama
1800,tt1618742,Sprite Step Off
1801,tt2157912,Best of Search for the Hottest Girl in America
1802,tt2825600,The Weirdness Really Bad Movie
1803,tt2988390,Dateline: America Now
1804,tt1616750,Festival Updates
1805,tt2862204,TNA Wrestling Epics
1806,tt1614117,Hidden Agenda
1807,tt1504161,Seducing Cindy
1808,tt1799485,Very Mary-Kate
1809,tt1735366,Proposition 8 Trial Re-Enactment
1810,tt2825802,Good Exposure
1811,tt3128302,Dumb Professor
1812,tt1971834,GamezAttackz Films' Sketch Comedy
1813,tt1559356,Pretty the Series
1814,tt1858303,The Subpranos
1815,tt1595399,Doheny Models
1816,tt1553414,Solitary 4.0
1817,tt1684422,I Once Was Lost
1818,tt1879415,Gilette Uncut Music Film Series
1819,tt6963192,Abc News Specials
1820,tt1624991,Tavis Smiley Reports
1821,tt2178413,Little Bits
1822,tt5270208,Hilah Cooking
1823,tt2074366,Frontier Guard
1824,tt1860128,Tony and Cal
1825,tt1687980,PROBED:signals
1826,tt1594381,Team Umizoomi
1827,tt1288499,La La Land
1828,tt1572183,Ultradome
1829,tt1593023,Handy Manny's School for Tools
1830,tt2421902,House of Levy
1831,tt2131905,Muckrakers
1832,tt1922176,Semi-Charmed
1833,tt1593076,Mexican Made Easy
1834,tt2180911,Dish it Out!
1835,tt1442449,Spartacus: War of the Damned
1836,tt1882997,The Distressed Watcher
1837,tt1609884,The Music Video Exposed
1838,tt2207085,The James and Sunda Show
1839,tt2656988,Amsoil Arenacross
1840,tt1589067,Food Tech
1841,tt1751909,Stupid for Movies
1842,tt1441219,The Deep End
1843,tt1757470,Stalker Chronicles
1844,tt6591162,The Chad Ridgely Show
1845,tt1709200,The Ballad of Mary &amp; Ernie
1846,tt3648906,"FACETStv, Ask Dino Show, EyeOnBusiness"
1847,tt1579910,Love That Girl!
1848,tt1842596,Concierge: The Series
1849,tt1442109,Life Unexpected
1850,tt1596786,American Pickers
1851,tt1594367,My Life as Liz
1852,tt1151910,The Buried Life
1853,tt1587957,Be Good Johnny Weir
1854,tt1593121,Quiero mi boda
1855,tt2973892,Laura in the Kitchen
1856,tt1842190,That's What She Said
1857,tt1584454,Pit Boss
1858,tt1455546,The Horrible Terrible Misadventures of David Atkins
1859,tt5957132,WWNLive
1860,tt1439741,Human Target
1861,tt1501364,America's Worst Driver
1862,tt1997642,Apollo Z. Hack: A Reviewaverse Saga
1863,tt1637959,The Undead Diaries
1864,tt1587396,Round the Square
1865,tt1680033,Celebrity Liar
1866,tt5594686,The Light Wizzard in the Flesh
1867,tt3534590,Jostie Flicks
1868,tt1599191,Solving History with Olly Steeds
1869,tt2844518,LIVE with Lisa Michaels
1870,tt1420152,I (Almost) Got Away with It
1871,tt4507802,The FanFic Critic
1872,tt4554482,That's Life with Robin Swoboda
1873,tt2105168,Bellydance Evolution
1874,tt1344204,Blue Mountain State
1875,tt1592811,Let's Talk About Pep
1876,tt1586303,Fantasia for Real
1877,tt2197938,MotoMan
1878,tt1718996,The Ultimate Life
1879,tt1649650,The Dylan Ratigan Show
1880,tt1994688,Detective Force
1881,tt1975676,The Rundown
1882,tt1569544,Border Wars
1883,tt1868931,Run This Town
1884,tt1575310,Madhouse
1885,tt1884532,Austin Variety Show
1886,tt1546868,Family Practice
1887,tt1880853,The Journey: Big Ten Basketball
1888,tt1876603,Apt1B
1889,tt1588119,Save My Planet
1890,tt2463130,Ranger 7
1891,tt2065511,Poor Poor Pitiful Me
1892,tt1747315,Modelscape
1893,tt1579295,Operation Wild
1894,tt1586914,New York Stand-Up Show
1895,tt1710904,Alaskan
1896,tt1595727,Latino 101
1897,tt1574239,Meet Virginia
1898,tt1811179,Penn &amp; Teller: Fool Us
1899,tt1705081,AnimeTV
1900,tt1988479,The RPG Fanatic
1901,tt1583933,Roommates
1902,tt2010431,Meet the Artist Patricia Neary: Balanchine Ballerina
1903,tt2192747,The Neon Tiki Tribe Series
1904,tt1707371,The Human Spark
1905,tt1596562,Two-Way Street
1906,tt1736036,Cooking for Health and Pleasure
1907,tt1878470,Linda Has 2 Mommies
1908,tt2387510,Help Wanted
1909,tt1571104,Tailgate Takedown
1910,tt1758486,"The Monica, 90404"
1911,tt1579022,Howe &amp; Howe Tech
1912,tt1653976,Massive Moves
1913,tt1653975,Maneaters
1914,tt1565777,This Emotional Life
1915,tt3812854,The Actress
1916,tt1662789,"Blood, Sweat and Takeaways"
1917,tt1791356,The Generations Project
1918,tt1821250,The Late Night Fix with Yassir Lester
1919,tt1618356,Whatta Ya Think?
1920,tt1696941,Big News TV
1921,tt1570957,Worst Cooks in America
1922,tt2254566,The Playboy Morning Show
1923,tt1585425,Modern Sniper
1924,tt1586310,Frank the Entertainer in a Basement Affair
1925,tt1579108,Secrets of Aspen
1926,tt1773964,Eden Lost
1927,tt6379090,La Chica Deportes
1928,tt1784095,Messiah: Behold the Lamb of God
1929,tt2204384,WOW Nicaruagua
1930,tt1579909,Blood for the Gods
1931,tt1577461,So You Think You Can Dance
1932,tt1815225,Pro Hunter Journal
1933,tt2247625,Lucidity Web Saga
1934,tt2544032,Espaco Musical
1935,tt1896508,The Adventures of Clayton
1936,tt1579212,What I Hate About Me
1937,tt1484498,Svetlana
1938,tt1814519,The League of S.T.E.A.M.
1939,tt2250763,Reel Rock Film Tour
1940,tt4304854,World's Most Expensive Homes
1941,tt4534390,Beyond Belief with George Noory
1942,tt1572499,Curb Appeal: The Block
1943,tt2058476,Sons of the Brotherhood
1944,tt1882636,It Casting
1945,tt2190347,Minority Report
1946,tt1883536,Cowboy and Lucky
1947,tt2184583,Desire and Deceit
1948,tt1569546,The Outdoor Room
1949,tt2595278,The Ex-Convict's Guide
1950,tt3922510,Your Hometown Show
1951,tt2778678,Dubspot Artist Profiles
1952,tt2037285,How to Do Florida
1953,tt1542152,First Time Design
1954,tt1978887,Kinetic
1955,tt2660906,Inside the Business of Acting
1956,tt1734194,Martin Yan's Hidden China
1957,tt6373664,Fresh Living
1958,tt2963426,Best of the Caribbean
1959,tt1876027,Thats Estertainment
1960,tt1634100,The Mun2 Look
1961,tt1578559,The Squeeze
1962,tt2963376,Florida Travel + Life's Affordable Luxury
1963,tt1670486,Patrick and Molly and All the Small Things...
1964,tt3239094,Hello! Hollywood 2010
1965,tt1685931,New York Originals
1966,tt4665892,GameBreak
1967,tt2374343,This Is Fashion
1968,tt1666964,Middle of Reality
1969,tt2888344,The Wicked Shamrocks
1970,tt1596196,Real New Orleans
1971,tt2356013,AOL: You've Got...
1972,tt2877182,Dances for an iPhone
1973,tt2945956,John Deere Day Movies: DVD No.1
1974,tt1609026,Rhythm &amp; Roots
1975,tt2960234,Celebrate Michigan
1976,tt1944164,Driving Jersey
1977,tt4058234,Public Television; Redefining Health Made for TV
